Observation,Energy
50001,54.6
50002,94.6
50003,61.1
50004,90.8
50005,56.2
50006,64.9
50007,130.75
50008,49.7
50009,178.85
50010,41.55
50011,52.35
50012,82.25
50013,57.85
50014,107
50015,66.45
50016,104.85
50017,65.95
50018,317.9
50019,57.85
50020,99.6
50021,76.75
50022,222.95
50023,123
50024,85.75
50025,60.75
50026,73.2
50027,231.95
50028,296.9
50029,54.85
50030,53.55
50031,64.55
50032,95.25
50033,72.75
50034,62.05
50035,149.55
50036,62
50037,58.9
50038,73.7
50039,115.05
50040,41.35
50041,57.35
50042,52.8
50043,61.25
50044,155.85
50045,91.65
50046,66.85
50047,55.05
50048,64.4
50049,56.8
50050,94.35
50051,137.95
50052,50.85
50053,62.45
50054,243.8
50055,132.35
50056,51
50057,62.55
50058,136.45
50059,58.15
50060,301.85
50061,71.15
50062,42.6
50063,51.95
50064,86.25
50065,48.6
50066,78.65
50067,135.35
50068,51.8
50069,218.65
50070,62.2
50071,163.75
50072,135.1
50073,198.5
50074,52.65
50075,48.65
50076,55.7
50077,57.1
50078,110.85
50079,131.35
50080,73.35
50081,77.5
50082,54.4
50083,54.65
50084,47.7
50085,68.6
50086,80.25
50087,142.8
50088,67.55
50089,53.65
50090,185.2
50091,63.8
50092,64.4
50093,176.7
50094,224.05
50095,86.55
50096,55.1
50097,51.55
50098,65.9
50099,91.25
50100,116
50101,39.5
50102,66.45
50103,76.3
50104,120.1
50105,105.95
50106,65
50107,55.5
50108,173
50109,73.25
50110,52.65
50111,55.15
50112,176.35
50113,64.45
50114,72.75
50115,63.8
50116,57.3
50117,68.55
50118,51.3
50119,190.95
50120,147.75
50121,210.3
50122,72.7
50123,68.6
50124,80.9
50125,54.65
50126,250.5
50127,82.35
50128,43.05
50129,123.85
50130,68.85
50131,164.3
50132,59.45
50133,58.9
50134,144.5
50135,58.9
50136,158.7
50137,347.75
50138,70
50139,53.05
50140,49.45
50141,438
50142,213.2
50143,84.7
50144,42.95
50145,86.15
50146,47.25
50147,92.9
50148,90.05
50149,111.55
50150,107.15
50151,229.55
50152,68.4
50153,113.85
50154,56.3
50155,59.45
50156,92.5
50157,106.1
50158,112.15
50159,57.7
50160,70.45
50161,91.7
50162,49.6
50163,73.3
50164,92.3
50165,162.1
50166,96.7
50167,105.85
50168,127.1
50169,49.75
50170,53.7
50171,71.95
50172,69.05
50173,60.45
50174,70.9
50175,76.45
50176,152.4
50177,60.35
50178,48.8
50179,40.9
50180,83.1
50181,212.75
50182,69.3
50183,49.6
50184,57.4
50185,61.9
50186,112.85
50187,207.2
50188,58.6
50189,75.55
50190,120.35
50191,108.2
50192,61.4
50193,74.35
50194,101.9
50195,58
50196,58.75
50197,50.95
50198,206.05
50199,60.2
50200,243.8
50201,60.6
50202,58
50203,401.4
50204,44.9
50205,100.8
50206,114.45
50207,57.25
50208,136.75
50209,168.6
50210,107.5
50211,66.45
50212,62.45
50213,373.8
50214,59.5
50215,191.25
50216,56.1
50217,48
50218,54.2
50219,126.9
50220,64.1
50221,85.15
50222,59.8
50223,29.8
50224,109.1
50225,66.8
50226,126.7
50227,112.65
50228,67
50229,57.35
50230,162.4
50231,417.05
50232,445.25
50233,64.65
50234,141.6
50235,193.45
50236,122.8
50237,47.8
50238,71.1
50239,48.75
50240,74.45
50241,45.95
50242,67.35
50243,59
50244,59.15
50245,74.75
50246,193.95
50247,104.55
50248,66.25
50249,215.9
50250,120.25
50251,48.05
50252,58.65
50253,100.5
50254,57.45
50255,91.5
50256,64
50257,37.65
50258,313.6
50259,86.05
50260,132.55
50261,113.7
50262,50.3
50263,85.05
50264,114.8
50265,49.45
50266,55.35
50267,61.6
50268,105.3
50269,82.35
50270,149.1
50271,125.05
50272,152.55
50273,160.8
50274,67.45
50275,62.35
50276,80.35
50277,308.6
50278,45.85
50279,52.9
50280,55.8
50281,56.95
50282,68.65
50283,180.65
50284,79
50285,60.3
50286,103.35
50287,44.8
50288,110.65
50289,66.65
50290,57.6
50291,57.45
50292,54.9
50293,54.9
50294,47.45
50295,136.05
50296,57.95
50297,217.9
50298,63.25
50299,92.95
50300,175.35
50301,84.6
50302,104.5
50303,87.7
50304,186.65
50305,50.5
50306,157.75
50307,46.3
50308,56.15
50309,67.05
50310,57.55
50311,175.35
50312,63.45
50313,103.8
50314,82.15
50315,44.45
50316,127
50317,63.5
50318,65.35
50319,74.25
50320,99.45
50321,65.1
50322,239.7
50323,52.25
50324,52.4
50325,117
50326,87.65
50327,131.1
50328,78.05
50329,52
50330,57.75
50331,83.2
50332,84.75
50333,64.9
50334,56.45
50335,254.85
50336,63.35
50337,139.65
50338,56.3
50339,49.65
50340,62.2
50341,44.25
50342,62.75
50343,44.65
50344,86.6
50345,46.5
50346,177.2
50347,62
50348,60.6
50349,59.55
50350,89.25
50351,81.75
50352,103.85
50353,294
50354,61.2
50355,59.1
50356,83.35
50357,316.7
50358,67.7
50359,67.55
50360,86.65
50361,130.05
50362,129.45
50363,53.95
50364,131.9
50365,69.45
50366,52.75
50367,145.3
50368,287.2
50369,50.7
50370,124.05
50371,375.7
50372,51.75
50373,246.75
50374,106.6
50375,391.05
50376,98.25
50377,107.15
50378,92.05
50379,61.85
50380,310.35
50381,106.95
50382,77.8
50383,46.65
50384,64.4
50385,60
50386,58.35
50387,80.05
50388,46.65
50389,38.15
50390,65.5
50391,132.65
50392,57.85
50393,62.75
50394,66.1
50395,232.05
50396,60.45
50397,57.45
50398,153.6
50399,73.85
50400,44.3
50401,54.25
50402,85.2
50403,106.6
50404,66.8
50405,43.7
50406,158.5
50407,67.9
50408,174.15
50409,155.6
50410,198.1
50411,57.6
50412,113.35
50413,43.45
50414,105.1
50415,152.9
50416,62.1
50417,66.2
50418,87.55
50419,44.3
50420,129.05
50421,97.55
50422,63.55
50423,77.05
50424,80.1
50425,227.35
50426,103.15
50427,72.4
50428,116.45
50429,112.2
50430,156.1
50431,61.1
50432,77.95
50433,48.55
50434,51.55
50435,59.4
50436,60.25
50437,91.45
50438,123.6
50439,221.25
50440,79.7
50441,58.35
50442,57.8
50443,46.95
50444,104.1
50445,412.85
50446,92.4
50447,44.25
50448,56.75
50449,70.55
50450,87.45
50451,192.5
50452,70.6
50453,51.15
50454,44.7
50455,54.9
50456,62.6
50457,53.25
50458,52.7
50459,131.2
50460,87.6
50461,50.9
50462,262.4
50463,77.1
50464,157.85
50465,33.4
50466,96.85
50467,162.95
50468,180.8
50469,70.95
50470,59.95
50471,86.4
50472,51.7
50473,102.9
50474,97.5
50475,69.5
50476,68.55
50477,57.9
50478,73.2
50479,75.3
50480,59
50481,90.35
50482,185.1
50483,43.6
50484,58.7
50485,282.5
50486,61.4
50487,44.2
50488,111.85
50489,369.9
50490,55.15
50491,122.45
50492,189
50493,43.25
50494,62.45
50495,66.4
50496,69.45
50497,60.8
50498,79.55
50499,184.25
50500,34.5
50501,58.7
50502,41.6
50503,84.8
50504,50.8
50505,35.9
50506,45.7
50507,54.5
50508,57.5
50509,92.1
50510,72.45
50511,79.45
50512,54.25
50513,54.6
50514,81.4
50515,116.75
50516,117.05
50517,93.5
50518,62.05
50519,142.2
50520,172.45
50521,39.85
50522,91.1
50523,102.15
50524,36.5
50525,63.4
50526,81.85
50527,51.85
50528,77.3
50529,129.7
50530,67.25
50531,83.1
50532,167
50533,53
50534,62.75
50535,101.4
50536,69.7
50537,50.85
50538,205.35
50539,195.15
50540,48.05
50541,50.3
50542,69.2
50543,71.35
50544,71.45
50545,111.55
50546,54.45
50547,124.4
50548,67.7
50549,68.55
50550,58.9
50551,59.5
50552,96.6
50553,179.9
50554,52.6
50555,41.6
50556,84.85
50557,48.95
50558,169.95
50559,110.45
50560,140.5
50561,334.75
50562,104.85
50563,58.3
50564,58.9
50565,71
50566,490.3
50567,115.15
50568,61.6
50569,38.1
50570,73.75
50571,236.95
50572,232.25
50573,52.15
50574,72.15
50575,49.25
50576,78.95
50577,49.45
50578,75.1
50579,170.4
50580,89.4
50581,54.75
50582,45.85
50583,71
50584,57.75
50585,74.85
50586,98.5
50587,60.9
50588,41.1
50589,201.2
50590,66.85
50591,148.75
50592,97.25
50593,68
50594,54
50595,49.6
50596,74.65
50597,128.15
50598,148.25
50599,78.2
50600,58.5
50601,56.3
50602,298.95
50603,50.85
50604,103.6
50605,65.3
50606,37.55
50607,69.55
50608,72.65
50609,62.9
50610,59.35
50611,55.5
50612,39.7
50613,70
50614,42.75
50615,48.3
50616,85.5
50617,114
50618,56.55
50619,63.35
50620,57.7
50621,130.8
50622,185.35
50623,103.2
50624,93.3
50625,116
50626,131.75
50627,132.15
50628,100.2
50629,181.05
50630,56.25
50631,436.7
50632,101.85
50633,97.3
50634,354.6
50635,149.3
50636,265.85
50637,64.3
50638,81.95
50639,48.3
50640,96.2
50641,66.1
50642,37.5
50643,76.7
50644,56.15
50645,99.75
50646,145.9
50647,75.65
50648,60.75
50649,50.3
50650,109.5
50651,60.45
50652,47
50653,88.55
50654,79.7
50655,69.6
50656,84.2
50657,239.95
50658,80.35
50659,141.55
50660,121.8
50661,41.8
50662,34.8
50663,48.9
50664,58.8
50665,68.2
50666,70.6
50667,41.3
50668,49.5
50669,202.95
50670,249.75
50671,43.95
50672,66.8
50673,54.9
50674,52.75
50675,96.45
50676,61.65
50677,68.55
50678,103.65
50679,100.25
50680,100.35
50681,138.2
50682,47.3
50683,71.3
50684,75.5
50685,149
50686,60.3
50687,153.3
50688,51.2
50689,50.6
50690,48.25
50691,56.1
50692,219.05
50693,54.15
50694,69.6
50695,292.6
50696,53.65
50697,123.6
50698,101.9
50699,115.75
50700,41.85
50701,81.35
50702,323.45
50703,69
50704,33.65
50705,49.55
50706,59.9
50707,72.45
50708,192.45
50709,48.05
50710,54.45
50711,136.7
50712,49.3
50713,41.6
50714,164.05
50715,103.2
50716,57.85
50717,55.85
50718,168.4
50719,66.05
50720,82.1
50721,97.8
50722,132.2
50723,68.9
50724,77.95
50725,146.95
50726,50.45
50727,72.4
50728,291.4
50729,54.85
50730,265.85
50731,275.9
50732,95
50733,46.25
50734,310.45
50735,163.85
50736,159.5
50737,73.25
50738,114.15
50739,46.45
50740,66.45
50741,63
50742,119.3
50743,200.25
50744,56.35
50745,51.15
50746,175.4
50747,71
50748,221.55
50749,55.1
50750,109.65
50751,55.6
50752,140.55
50753,108.5
50754,49.8
50755,60.1
50756,68.7
50757,56.1
50758,50.6
50759,77.6
50760,67.75
50761,105.45
50762,65.25
50763,42.6
50764,70.15
50765,56.65
50766,59.75
50767,72.05
50768,65.35
50769,62.4
50770,53
50771,46.5
50772,152.75
50773,43.25
50774,115
50775,56.15
50776,142.2
50777,111.8
50778,201.25
50779,262.85
50780,61.15
50781,45.4
50782,50.8
50783,165.5
50784,202.6
50785,79.65
50786,47.3
50787,102.95
50788,160.05
50789,65.3
50790,75.45
50791,63.85
50792,63.25
50793,55.9
50794,52
50795,51.15
50796,86.5
50797,68.95
50798,260.75
50799,231.3
50800,113.6
50801,401.45
50802,111.4
50803,82.55
50804,133.75
50805,205.3
50806,57.05
50807,84.1
50808,123.15
50809,74.3
50810,115.5
50811,48.3
50812,165.9
50813,121.7
50814,328.1
50815,57.35
50816,56.6
50817,82.6
50818,120.3
50819,80.9
50820,169.25
50821,47.85
50822,183.75
50823,55.65
50824,351.8
50825,61.95
50826,57.8
50827,199.9
50828,57.4
50829,48.8
50830,63.4
50831,90.5
50832,109.75
50833,67.3
50834,70.95
50835,53.1
50836,58.5
50837,150.6
50838,52.05
50839,59.6
50840,68.9
50841,128.5
50842,43.7
50843,106.85
50844,59.5
50845,60.7
50846,51.4
50847,95.5
50848,69.8
50849,56.25
50850,56.55
50851,41.7
50852,78.95
50853,45.25
50854,52.95
50855,106.4
50856,120.45
50857,81.25
50858,43.25
50859,63
50860,55.3
50861,167.4
50862,54.55
50863,128.45
50864,99.6
50865,187.15
50866,83.5
50867,51.4
50868,162.7
50869,70.3
50870,38.9
50871,65.45
50872,64.8
50873,184.25
50874,60.95
50875,106.4
50876,363.2
50877,104
50878,124.75
50879,139.55
50880,148.3
50881,83.15
50882,299.2
50883,129.9
50884,75.3
50885,141.45
50886,195.7
50887,96.25
50888,45.4
50889,270.85
50890,75.35
50891,66.2
50892,42.35
50893,130.45
50894,60
50895,58.75
50896,91.6
50897,61.2
50898,81.65
50899,58.55
50900,135
50901,57.75
50902,114.65
50903,65.75
50904,63.25
50905,70.05
50906,33.85
50907,67.5
50908,81.35
50909,79.9
50910,228.15
50911,61.7
50912,41.7
50913,79.3
50914,180.5
50915,63.15
50916,97.65
50917,145.9
50918,106.05
50919,95
50920,61.25
50921,241.45
50922,261.3
50923,119.75
50924,195.15
50925,86.15
50926,203.95
50927,62.85
50928,80
50929,68.55
50930,68.65
50931,53.95
50932,85.1
50933,40.45
50934,98.95
50935,155.45
50936,45.65
50937,69.9
50938,112.25
50939,27.2
50940,103.4
50941,34.7
50942,89.2
50943,63.3
50944,138.7
50945,57.95
50946,58.55
50947,69.5
50948,49.8
50949,57
50950,92.7
50951,57.15
50952,56.8
50953,106.35
50954,42.3
50955,172.85
50956,64.85
50957,60.75
50958,149.05
50959,61.5
50960,267.7
50961,44.5
50962,133.25
50963,46.35
50964,255.2
50965,62.85
50966,56.55
50967,233.3
50968,78.95
50969,59.5
50970,165.75
50971,60
50972,60.05
50973,85.7
50974,180.25
50975,108.15
50976,51.25
50977,66.65
50978,63.5
50979,53.15
50980,42.65
50981,47.7
50982,113.55
50983,418.95
50984,151.35
50985,62.35
50986,143.45
50987,108.2
50988,101.75
50989,237.5
50990,44.05
50991,66.35
50992,75.3
50993,76.8
50994,43
50995,59.7
50996,61.55
50997,136.8
50998,54.55
50999,137
51000,39.15
51001,97.55
51002,77.05
51003,58.75
51004,54.15
51005,158.35
51006,52.65
51007,76.55
51008,131.65
51009,48.6
51010,300.7
51011,69.35
51012,67.8
51013,66.5
51014,142.35
51015,96.85
51016,105.3
51017,57.05
51018,77.55
51019,72.8
51020,53.5
51021,56
51022,222.75
51023,41.35
51024,152.1
51025,38.35
51026,112.25
51027,81.8
51028,59.4
51029,68.05
51030,110.1
51031,54.55
51032,113.05
51033,53.05
51034,240.75
51035,78.45
51036,49.05
51037,230.5
51038,41.9
51039,141.3
51040,181.7
51041,38.05
51042,67.65
51043,57.7
51044,68.75
51045,144.65
51046,64.45
51047,119.2
51048,278.85
51049,73.45
51050,72.75
51051,125.85
51052,171.1
51053,43.1
51054,83.7
51055,44
51056,66.45
51057,106.15
51058,111.5
51059,72.8
51060,108.6
51061,46.75
51062,346.55
51063,117.95
51064,110.7
51065,56.55
51066,96.3
51067,129.55
51068,51.75
51069,192.15
51070,61.45
51071,188.75
51072,152.35
51073,106
51074,47.8
51075,43.85
51076,96.5
51077,279.25
51078,63
51079,62.3
51080,82.4
51081,118.25
51082,135.1
51083,52.9
51084,56.95
51085,190.75
51086,46.15
51087,80.1
51088,132.3
51089,154.55
51090,81.25
51091,113.95
51092,339.9
51093,178.35
51094,54.6
51095,256.55
51096,180.85
51097,205.25
51098,57
51099,49
51100,64.4
51101,52.75
51102,61.65
51103,105
51104,64.85
51105,53.8
51106,100.5
51107,89.25
51108,67.85
51109,55.85
51110,87.4
51111,115.9
51112,63
51113,75.55
51114,64.5
51115,56.45
51116,87.5
51117,89
51118,51.4
51119,53.6
51120,64.3
51121,50.55
51122,95.15
51123,76.4
51124,41.85
51125,64.6
51126,65.9
51127,97.75
51128,111.75
51129,97.7
51130,116.2
51131,246
51132,144.15
51133,64.2
51134,196.85
51135,74.45
51136,153.6
51137,97.3
51138,120.15
51139,186
51140,96.9
51141,95.85
51142,64.5
51143,333.3
51144,79.55
51145,96.2
51146,67.8
51147,309
51148,56.35
51149,59.5
51150,135
51151,109.95
51152,66.8
51153,51.85
51154,53.25
51155,63.3
51156,65.85
51157,153.75
51158,140.05
51159,68.8
51160,123.3
51161,170.45
51162,73.15
51163,59.45
51164,70.7
51165,82.4
51166,48
51167,64.05
51168,73.6
51169,57.65
51170,170.1
51171,57.4
51172,90.55
51173,114
51174,235.45
51175,111.55
51176,46.35
51177,96.75
51178,132.05
51179,54.95
51180,87.8
51181,196.8
51182,44
51183,55.1
51184,38.3
51185,117.7
51186,41.7
51187,86.7
51188,173.5
51189,50.05
51190,57
51191,146.2
51192,101.65
51193,74.6
51194,40.9
51195,72.85
51196,73.3
51197,52.95
51198,174.8
51199,54.25
51200,351.35
51201,65.35
51202,60.25
51203,155.3
51204,118.25
51205,69.6
51206,106.6
51207,57.55
51208,57.9
51209,202.25
51210,120.95
51211,115.2
51212,60.95
51213,67.75
51214,73.65
51215,51.75
51216,53.8
51217,153.5
51218,391.4
51219,45.3
51220,74.9
51221,83.9
51222,85.45
51223,46.8
51224,84.35
51225,59.6
51226,51
51227,71.9
51228,61.7
51229,85.4
51230,66.3
51231,58.75
51232,107.15
51233,104.8
51234,146.9
51235,44.85
51236,57.75
51237,54.35
51238,172.8
51239,55.9
51240,57.45
51241,74.45
51242,62.4
51243,90.85
51244,75.15
51245,50.65
51246,39.55
51247,225.65
51248,67.2
51249,60.8
51250,51.4
51251,54.75
51252,51.1
51253,63.45
51254,104.55
51255,83.15
51256,84.75
51257,104.55
51258,57.9
51259,66.15
51260,56.3
51261,107.35
51262,157.55
51263,56.6
51264,43.65
51265,53.65
51266,348.35
51267,92.5
51268,61.7
51269,183.65
51270,42.4
51271,63.3
51272,105.05
51273,103.55
51274,128.25
51275,57.1
51276,142.65
51277,100.4
51278,48.7
51279,46
51280,66.2
51281,62.5
51282,142.45
51283,87.45
51284,139.6
51285,119.1
51286,34.95
51287,46.4
51288,135.6
51289,155.8
51290,129.6
51291,55
51292,53.05
51293,160.25
51294,108.8
51295,65.2
51296,110.35
51297,68.65
51298,83.1
51299,57.7
51300,68.95
51301,210.65
51302,142.75
51303,154.6
51304,77.3
51305,185.65
51306,58.2
51307,93.25
51308,122.95
51309,80.1
51310,86.1
51311,80.75
51312,37.55
51313,69.45
51314,92.15
51315,68.05
51316,60.65
51317,149.55
51318,98.65
51319,122.4
51320,101.45
51321,68.45
51322,63.5
51323,62.5
51324,120.6
51325,55.1
51326,98.8
51327,59.9
51328,73.3
51329,54.9
51330,59.65
51331,49.55
51332,217.95
51333,60.2
51334,413.6
51335,77.6
51336,59.35
51337,93.5
51338,42.5
51339,47.7
51340,62.1
51341,62.35
51342,129
51343,59.15
51344,63.1
51345,117.35
51346,53.25
51347,101.7
51348,144
51349,245.7
51350,103.9
51351,60.9
51352,60.3
51353,74.55
51354,41.6
51355,135.8
51356,136.55
51357,67
51358,59.25
51359,55.25
51360,147.85
51361,59.6
51362,51.9
51363,62.8
51364,57.6
51365,58.3
51366,121.95
51367,291.6
51368,274.05
51369,87.15
51370,64.75
51371,58.35
51372,68.8
51373,193.55
51374,60
51375,42.4
51376,344.35
51377,148.35
51378,66.55
51379,54.55
51380,62.35
51381,114.9
51382,42.2
51383,54.15
51384,79.7
51385,112.9
51386,86.6
51387,174.1
51388,94.35
51389,77
51390,188.6
51391,181.15
51392,55.15
51393,71.65
51394,54.15
51395,96.15
51396,31.25
51397,78.05
51398,106.8
51399,97.3
51400,115.65
51401,314.75
51402,70.05
51403,56.55
51404,120.9
51405,51.25
51406,146.4
51407,163.2
51408,70.5
51409,209.2
51410,129.05
51411,111.05
51412,49.85
51413,70.15
51414,132.15
51415,143.1
51416,82.3
51417,230.55
51418,56.15
51419,55.8
51420,42.75
51421,142.85
51422,88.85
51423,232.2
51424,62
51425,39.2
51426,53.75
51427,68.25
51428,44.8
51429,58.35
51430,233.05
51431,239.6
51432,66.55
51433,63
51434,131.95
51435,271.45
51436,62.85
51437,63.55
51438,54.9
51439,96.95
51440,55
51441,110.45
51442,120.5
51443,44.95
51444,57.75
51445,167.15
51446,176.9
51447,193.7
51448,56.8
51449,63.15
51450,125.45
51451,65.55
51452,116.3
51453,205.55
51454,97.3
51455,53.85
51456,58.2
51457,264
51458,52.05
51459,52.7
51460,56.4
51461,94.7
51462,47.75
51463,71.95
51464,50.1
51465,106.25
51466,246.65
51467,69.5
51468,47.6
51469,75.2
51470,165
51471,82.75
51472,44.5
51473,48
51474,74.6
51475,110.75
51476,194.6
51477,117.7
51478,45.55
51479,56.6
51480,79
51481,80.05
51482,49.65
51483,81.75
51484,72.2
51485,119.5
51486,57.35
51487,44.15
51488,76.35
51489,67.1
51490,74.35
51491,131.15
51492,284.15
51493,61.2
51494,115.15
51495,142.4
51496,123.7
51497,94.35
51498,191.55
51499,45.8
51500,161.2
51501,50.25
51502,222.75
51503,182
51504,49.95
51505,114.25
51506,57.1
51507,373.35
51508,134.1
51509,102.6
51510,106.3
51511,99.65
51512,63.1
51513,99.65
51514,73.9
51515,120.65
51516,106.45
51517,58.9
51518,54.65
51519,57.55
51520,73
51521,82.95
51522,106.05
51523,62.85
51524,41.7
51525,54.75
51526,83.95
51527,98.95
51528,69.8
51529,99.85
51530,78.8
51531,66.4
51532,118.2
51533,316.75
51534,109.6
51535,60.9
51536,55
51537,62
51538,53.6
51539,72.05
51540,92.25
51541,68.35
51542,165.05
51543,105.2
51544,187.1
51545,47.95
51546,112
51547,89.05
51548,57.6
51549,57.65
51550,98.7
51551,51.15
51552,241.65
51553,104.8
51554,361.3
51555,42.6
51556,279.55
51557,95.65
51558,101.15
51559,65.55
51560,81.2
51561,52.7
51562,106.8
51563,108.45
51564,62.4
51565,125.2
51566,125.9
51567,162.8
51568,60.95
51569,40.75
51570,76.1
51571,64.6
51572,53.65
51573,56.65
51574,93.3
51575,279.5
51576,67.2
51577,84.7
51578,175.45
51579,197
51580,60.85
51581,45.7
51582,43.6
51583,84.05
51584,88.8
51585,51.1
51586,37.25
51587,59.9
51588,47.05
51589,251.95
51590,51.65
51591,128.7
51592,61.05
51593,92.9
51594,44.8
51595,58.65
51596,43.2
51597,49.45
51598,138.3
51599,105.8
51600,31.95
51601,65.5
51602,69.15
51603,53.85
51604,111.75
51605,111.35
51606,79.95
51607,223.9
51608,41.3
51609,46.4
51610,57.2
51611,421.1
51612,89.95
51613,112
51614,132.3
51615,59
51616,62.5
51617,120.25
51618,118.15
51619,60.1
51620,109.15
51621,51.05
51622,59.1
51623,56.4
51624,69.75
51625,80.85
51626,98.35
51627,74.5
51628,60.25
51629,68.35
51630,53.85
51631,59.75
51632,102.4
51633,43.95
51634,242.8
51635,76.25
51636,87.5
51637,60.65
51638,198.25
51639,66.15
51640,75.95
51641,55.95
51642,40
51643,116.3
51644,64.85
51645,45.2
51646,53.45
51647,68.4
51648,54.95
51649,60
51650,53.65
51651,62.3
51652,35
51653,57.5
51654,81.9
51655,106.75
51656,141.1
51657,130.25
51658,66.95
51659,60.1
51660,101.45
51661,58
51662,59.8
51663,71.35
51664,58.35
51665,107.6
51666,52.55
51667,245
51668,102.2
51669,69.4
51670,43.25
51671,58.55
51672,58.5
51673,211.15
51674,322.4
51675,75.2
51676,137.85
51677,92.6
51678,76.3
51679,82.15
51680,61.4
51681,46.85
51682,66.1
51683,116.8
51684,63.3
51685,57.9
51686,105.05
51687,69.5
51688,84.35
51689,70.5
51690,304.45
51691,123.25
51692,56.35
51693,49.2
51694,80.3
51695,166.4
51696,38.25
51697,52.15
51698,44.85
51699,80.4
51700,78.15
51701,465.5
51702,54.8
51703,59
51704,63.65
51705,56.25
51706,271.7
51707,54.6
51708,63.5
51709,61.55
51710,110.35
51711,119.1
51712,117.1
51713,78.85
51714,42.5
51715,210.5
51716,144.95
51717,154.05
51718,44.15
51719,59.6
51720,327.3
51721,400.25
51722,88.5
51723,151.4
51724,53.65
51725,206.65
51726,100.3
51727,49.85
51728,57.55
51729,361.5
51730,94.95
51731,64.8
51732,157.4
51733,45.3
51734,82.35
51735,72.75
51736,66.5
51737,65.65
51738,116.7
51739,559.45
51740,54.35
51741,70.1
51742,111.05
51743,99.15
51744,45.45
51745,55.7
51746,54.15
51747,57.15
51748,66.2
51749,125.8
51750,44.55
51751,259.8
51752,129.2
51753,114
51754,113.45
51755,171.75
51756,96.1
51757,161.3
51758,55.4
51759,255.95
51760,73.1
51761,157.35
51762,111.55
51763,86.7
51764,105.05
51765,74.45
51766,57.25
51767,65.9
51768,98.85
51769,56.6
51770,76.7
51771,62.35
51772,85.3
51773,200.9
51774,71.5
51775,67.4
51776,65.35
51777,88
51778,110.4
51779,81.6
51780,53.6
51781,55.5
51782,70.75
51783,70.25
51784,154.4
51785,114.25
51786,119.5
51787,51.75
51788,92.65
51789,101.5
51790,125.65
51791,43.7
51792,47.1
51793,346.7
51794,48.05
51795,115.75
51796,65.5
51797,96.95
51798,223.85
51799,118.45
51800,83.7
51801,336.1
51802,54.15
51803,57.1
51804,93.25
51805,83.85
51806,70.15
51807,60.35
51808,105.75
51809,60.95
51810,97.3
51811,138.25
51812,149
51813,232.2
51814,443.15
51815,75.95
51816,57.5
51817,79.6
51818,59.65
51819,126.7
51820,56.55
51821,56.85
51822,56.5
51823,57.8
51824,46.55
51825,93.25
51826,189.8
51827,77.8
51828,49.3
51829,57
51830,142.05
51831,87.75
51832,76.15
51833,166.5
51834,129.05
51835,49.6
51836,51.25
51837,71.75
51838,64.35
51839,64.55
51840,76.45
51841,83.95
51842,138.65
51843,90.4
51844,110.85
51845,114.25
51846,66.55
51847,84.8
51848,129.35
51849,59.5
51850,180.85
51851,63.4
51852,81.75
51853,125
51854,73.75
51855,289.55
51856,73.6
51857,274.1
51858,126.3
51859,72.15
51860,45.55
51861,86.2
51862,225.15
51863,309.2
51864,60.8
51865,76.8
51866,57.9
51867,50.1
51868,103
51869,60.75
51870,65.05
51871,88.5
51872,58.55
51873,74.9
51874,60.2
51875,115.2
51876,102.7
51877,65.05
51878,58.55
51879,70.2
51880,101.6
51881,62.35
51882,86.25
51883,114.7
51884,84.4
51885,52.2
51886,52.45
51887,112.9
51888,72.1
51889,62.2
51890,66.65
51891,62.35
51892,58.3
51893,219.35
51894,112.8
51895,63.45
51896,94.5
51897,92.55
51898,92.75
51899,338.2
51900,70.4
51901,82.6
51902,57.4
51903,61.75
51904,47.15
51905,84.55
51906,218.85
51907,105.7
51908,99.5
51909,73.65
51910,49.05
51911,128.4
51912,59.1
51913,247.85
51914,189.5
51915,102.2
51916,106.05
51917,96.45
51918,49.15
51919,58.2
51920,37.6
51921,149.35
51922,62.1
51923,209.15
51924,57.25
51925,156.3
51926,238.6
51927,84
51928,94.2
51929,86.75
51930,204.15
51931,120.45
51932,137.3
51933,54.3
51934,267.05
51935,44.6
51936,63.75
51937,61.75
51938,186.5
51939,85.8
51940,125
51941,90.45
51942,254.35
51943,54.3
51944,63.05
51945,192
51946,116.7
51947,268.15
51948,119.8
51949,42.2
51950,97.05
51951,73.35
51952,68.85
51953,76.1
51954,57.9
51955,55.9
51956,230.3
51957,111.65
51958,72
51959,74.15
51960,60.8
51961,57.9
51962,58.6
51963,73.8
51964,61.7
51965,42.3
51966,109.55
51967,57
51968,76.75
51969,62.35
51970,62.45
51971,61.65
51972,211.25
51973,210.2
51974,204.9
51975,59.9
51976,153.35
51977,332.3
51978,68
51979,58.8
51980,89.4
51981,50
51982,76.2
51983,75.1
51984,232
51985,76.6
51986,355.3
51987,118.4
51988,125.75
51989,105.95
51990,56.05
51991,54.6
51992,50.5
51993,64.35
51994,171.95
51995,38.6
51996,74.95
51997,48.05
51998,65.3
51999,56.3
52000,80.2
52001,67.65
52002,53.9
52003,50.7
52004,109.95
52005,49.9
52006,174.8
52007,55.5
52008,77.5
52009,104.7
52010,305.5
52011,62.45
52012,63.4
52013,51.95
52014,54.1
52015,152.3
52016,111
52017,136.65
52018,68.15
52019,97.6
52020,108.3
52021,66
52022,86.2
52023,65.15
52024,193.95
52025,81.7
52026,244
52027,65.55
52028,153.7
52029,114.15
52030,64.2
52031,116
52032,55.5
52033,64.75
52034,46.3
52035,79.65
52036,57.25
52037,66.8
52038,86.55
52039,80.2
52040,120.15
52041,61.85
52042,54.75
52043,177.05
52044,221.95
52045,110.2
52046,56.4
52047,112.2
52048,95.3
52049,54.75
52050,67.6
52051,218.9
52052,62.65
52053,296.75
52054,64.4
52055,72.15
52056,55.6
52057,79
52058,134.3
52059,107.3
52060,72.7
52061,119.8
52062,52.4
52063,331.45
52064,124.3
52065,48.3
52066,95.1
52067,118.75
52068,338.45
52069,51.3
52070,51.5
52071,357.65
52072,174.95
52073,43.1
52074,122.05
52075,64.75
52076,77.65
52077,47.45
52078,46.9
52079,64.45
52080,120.9
52081,55.7
52082,225.9
52083,69
52084,65.4
52085,62.4
52086,114.05
52087,92.95
52088,105.5
52089,54.6
52090,64.15
52091,163.2
52092,112.35
52093,45.3
52094,68.05
52095,54
52096,57.65
52097,90.4
52098,67.9
52099,57.05
52100,64.85
52101,67.35
52102,58.7
52103,105.7
52104,53.2
52105,62.45
52106,100.65
52107,85.95
52108,62.5
52109,166.2
52110,46.85
52111,207.45
52112,47.45
52113,130.75
52114,104.75
52115,112.1
52116,77.55
52117,66.2
52118,93.5
52119,60.2
52120,133.15
52121,238.7
52122,120.45
52123,59.05
52124,61.75
52125,299.5
52126,54.25
52127,61.7
52128,49.45
52129,121.6
52130,75.2
52131,161.8
52132,381.9
52133,58.95
52134,127.75
52135,90.3
52136,60
52137,57.35
52138,102.55
52139,101.9
52140,84.35
52141,114.55
52142,173.5
52143,116.5
52144,267.65
52145,98
52146,53
52147,248.65
52148,68.65
52149,101.2
52150,301.7
52151,61.55
52152,139.5
52153,98.85
52154,185.8
52155,261
52156,72.25
52157,112.1
52158,119.25
52159,49.15
52160,48.1
52161,71.05
52162,53.4
52163,66.15
52164,42.35
52165,69.4
52166,55.85
52167,142
52168,107.6
52169,56.85
52170,39.65
52171,173.65
52172,69.85
52173,234.1
52174,78.6
52175,43.6
52176,55.2
52177,42.6
52178,71.35
52179,211.35
52180,67.55
52181,60.35
52182,56.35
52183,60.8
52184,56.7
52185,48.3
52186,58.8
52187,79.9
52188,100.25
52189,95.55
52190,84.2
52191,100.2
52192,141.85
52193,45.65
52194,43.95
52195,55.15
52196,52.45
52197,58.45
52198,134.2
52199,47.65
52200,56.1
52201,41.35
52202,100
52203,107.3
52204,62.85
52205,65.5
52206,134.55
52207,94.55
52208,113.7
52209,59.35
52210,169.8
52211,58.15
52212,47.75
52213,92.8
52214,70.5
52215,68.7
52216,59.5
52217,223.45
52218,74.15
52219,87.2
52220,47.6
52221,55.05
52222,156.55
52223,112.45
52224,200.8
52225,50.95
52226,171.8
52227,57.35
52228,58.7
52229,99
52230,45.85
52231,118.95
52232,54.35
52233,69.7
52234,75.3
52235,83.4
52236,128.1
52237,64.85
52238,63.25
52239,52.05
52240,53.15
52241,60.7
52242,84.65
52243,70.3
52244,76.75
52245,139.45
52246,62.4
52247,93.55
52248,173.15
52249,38.55
52250,197.35
52251,51.2
52252,58.45
52253,99.2
52254,59.05
52255,61.85
52256,331.35
52257,72.3
52258,74.65
52259,51.25
52260,64.6
52261,51.85
52262,58.15
52263,198.5
52264,128.35
52265,62.25
52266,64.45
52267,79.6
52268,59.6
52269,121.4
52270,88.35
52271,72.6
52272,76.15
52273,181.5
52274,43.5
52275,111.65
52276,101.75
52277,80.6
52278,87.4
52279,62.3
52280,47.1
52281,51.1
52282,74.1
52283,206.2
52284,82.8
52285,155
52286,137
52287,54.25
52288,96.95
52289,64.6
52290,47.15
52291,72
52292,86.85
52293,279.1
52294,115.3
52295,57.9
52296,75.5
52297,47.75
52298,108.75
52299,56.2
52300,197.4
52301,274.75
52302,56.35
52303,82.2
52304,206.95
52305,123.75
52306,65.8
52307,252.8
52308,43.75
52309,68.15
52310,62
52311,112.2
52312,43.35
52313,100.7
52314,57.9
52315,60.15
52316,107.35
52317,125.55
52318,54.85
52319,53.3
52320,56.05
52321,60.9
52322,192.45
52323,73
52324,60.05
52325,309.4
52326,48.3
52327,59.65
52328,70.2
52329,81.7
52330,69.25
52331,318.45
52332,56.05
52333,54.1
52334,139.2
52335,110.85
52336,73
52337,39.5
52338,109.5
52339,317.7
52340,58.95
52341,106.95
52342,77.05
52343,59.25
52344,125.8
52345,59.8
52346,108.85
52347,158.35
52348,174.1
52349,89.45
52350,169.9
52351,44.05
52352,62.8
52353,57.2
52354,63.8
52355,108
52356,44.95
52357,90.9
52358,170.05
52359,64.65
52360,77.05
52361,53.9
52362,131.55
52363,91.75
52364,314.2
52365,64.15
52366,64.6
52367,65
52368,119.25
52369,71.8
52370,127.15
52371,54.5
52372,68.75
52373,100.8
52374,61.55
52375,86.2
52376,45.7
52377,144.5
52378,78.3
52379,142.15
52380,46.35
52381,62.35
52382,81.55
52383,172.75
52384,84
52385,212.25
52386,147
52387,138.4
52388,187.7
52389,57.3
52390,233.4
52391,126.65
52392,181
52393,150.55
52394,223.8
52395,101.2
52396,66.85
52397,51.9
52398,45.85
52399,63.75
52400,40.85
52401,88.45
52402,53.7
52403,62.35
52404,133.1
52405,117.45
52406,117.05
52407,68.5
52408,55.55
52409,63
52410,49.15
52411,57.3
52412,126.8
52413,84.9
52414,68.45
52415,93.95
52416,168.25
52417,117.2
52418,102.7
52419,116.15
52420,83.85
52421,69.8
52422,64.55
52423,288.8
52424,57.65
52425,117.3
52426,85.6
52427,119.3
52428,52.85
52429,58.75
52430,52.55
52431,63.3
52432,234.9
52433,58.95
52434,78.7
52435,111.75
52436,156.85
52437,58.65
52438,55.95
52439,58.45
52440,255.35
52441,66.75
52442,74
52443,88.85
52444,234
52445,82.35
52446,59.9
52447,192.35
52448,66.35
52449,99.95
52450,62.35
52451,64.7
52452,173.45
52453,61.95
52454,299.75
52455,106.3
52456,66.8
52457,73.25
52458,65.2
52459,86.4
52460,67.5
52461,86.45
52462,106.25
52463,54.5
52464,52.6
52465,173.4
52466,93.55
52467,55.05
52468,35.2
52469,83.35
52470,60.85
52471,46.85
52472,53.65
52473,252.85
52474,94.1
52475,59.4
52476,66.95
52477,42.95
52478,59.55
52479,62.55
52480,223.55
52481,149.9
52482,68.8
52483,60.35
52484,50.5
52485,50.15
52486,44.75
52487,74.8
52488,48.1
52489,160.05
52490,118.55
52491,49.95
52492,148.45
52493,97.75
52494,61.85
52495,52.3
52496,60.2
52497,65.6
52498,58.45
52499,58.65
52500,112.85
52501,47.15
52502,61.2
52503,115.8
52504,91.55
52505,95.85
52506,69.15
52507,93.6
52508,274.55
52509,43.65
52510,56.1
52511,49.9
52512,150.55
52513,49.05
52514,56.7
52515,98.35
52516,103.3
52517,97.75
52518,214.5
52519,97.15
52520,52.85
52521,79.65
52522,55.2
52523,48.75
52524,204.7
52525,91.6
52526,90.05
52527,242.2
52528,143.4
52529,194.6
52530,124.35
52531,127.7
52532,50.25
52533,59.4
52534,60.35
52535,67.3
52536,106.75
52537,95.65
52538,122.85
52539,57.65
52540,170.55
52541,52.85
52542,64.75
52543,51.45
52544,56.55
52545,76.35
52546,55.65
52547,56.7
52548,39.75
52549,81.55
52550,59.45
52551,67.85
52552,82.7
52553,140.75
52554,54.45
52555,59.9
52556,68.8
52557,111.05
52558,127.6
52559,125.05
52560,66.15
52561,54.3
52562,43.95
52563,84.15
52564,55.5
52565,65.7
52566,237.2
52567,95.85
52568,310.25
52569,54.8
52570,121.6
52571,51.2
52572,78.45
52573,366.4
52574,80.9
52575,45.85
52576,57.15
52577,119.85
52578,44.9
52579,93.1
52580,218.55
52581,69.65
52582,41.5
52583,80.25
52584,60.35
52585,56.85
52586,56.7
52587,84.65
52588,66.35
52589,69.3
52590,108.15
52591,207.95
52592,55.55
52593,80.35
52594,114.45
52595,83.75
52596,61.95
52597,62.5
52598,64.25
52599,131.7
52600,149.45
52601,66.4
52602,119.05
52603,59.1
52604,69.85
52605,105.6
52606,90.35
52607,70.2
52608,65.25
52609,115.7
52610,104.75
52611,190.05
52612,159.05
52613,50.05
52614,88.45
52615,68.25
52616,69.75
52617,433.15
52618,321.1
52619,354.5
52620,202.3
52621,437.1
52622,41.65
52623,55.3
52624,302.75
52625,47.35
52626,88.15
52627,55.35
52628,98.6
52629,71.05
52630,146.95
52631,110.35
52632,44.2
52633,85.8
52634,81.35
52635,236.8
52636,102.2
52637,134.15
52638,82.5
52639,54.4
52640,81.2
52641,70.8
52642,57.25
52643,320.75
52644,109.55
52645,91.2
52646,68.6
52647,83.95
52648,143.9
52649,95.3
52650,106.9
52651,66.65
52652,149.75
52653,47.15
52654,69.45
52655,108.25
52656,59.95
52657,91
52658,52.45
52659,61.8
52660,171.45
52661,76.85
52662,256.75
52663,101.45
52664,62.6
52665,57.9
52666,198.1
52667,84.7
52668,234.95
52669,107.85
52670,47.8
52671,73.9
52672,69.05
52673,61.7
52674,69.65
52675,97.75
52676,57.95
52677,235.15
52678,160.6
52679,142.7
52680,53.45
52681,73.2
52682,68.65
52683,114.45
52684,72.75
52685,103.55
52686,43.2
52687,151.35
52688,61.4
52689,56.75
52690,230.55
52691,106.9
52692,85.25
52693,62.15
52694,67.7
52695,119
52696,57.75
52697,48.9
52698,55.7
52699,93.7
52700,92.4
52701,60.65
52702,54.2
52703,53.95
52704,86.15
52705,304.45
52706,94.5
52707,334.35
52708,50.85
52709,36.05
52710,46.1
52711,239.15
52712,50.7
52713,126.25
52714,126.7
52715,73.85
52716,149
52717,55
52718,67.15
52719,256.6
52720,55
52721,66.1
52722,131.2
52723,39.1
52724,109.85
52725,74.05
52726,56.4
52727,158.55
52728,78.35
52729,45.5
52730,43.9
52731,117
52732,98.25
52733,80.65
52734,67.65
52735,248.4
52736,121.2
52737,124.75
52738,60.7
52739,60.9
52740,61.95
52741,50.05
52742,60.1
52743,85.95
52744,91.6
52745,49.9
52746,100.9
52747,105.35
52748,43.45
52749,69.8
52750,51.55
52751,139.15
52752,99.1
52753,44
52754,63.3
52755,51.7
52756,121.65
52757,77.8
52758,158.25
52759,223.45
52760,103.05
52761,61.6
52762,68.95
52763,59.2
52764,250.6
52765,93.35
52766,122.65
52767,36.1
52768,61.65
52769,170.25
52770,113.55
52771,58.95
52772,63.65
52773,66.1
52774,56.7
52775,48.65
52776,81.65
52777,260.9
52778,67.2
52779,61.35
52780,66.6
52781,64.45
52782,160.2
52783,73.65
52784,59.75
52785,198.3
52786,76.95
52787,60.6
52788,111.05
52789,74.15
52790,251.4
52791,52.25
52792,42.5
52793,207.15
52794,133.8
52795,63.95
52796,91.7
52797,57.8
52798,170.85
52799,126.7
52800,51.65
52801,163
52802,418.05
52803,43.7
52804,99.85
52805,84.3
52806,134.75
52807,78.2
52808,60.5
52809,163.75
52810,62.35
52811,71.55
52812,94.65
52813,49.7
52814,192.6
52815,158.9
52816,334.8
52817,137.5
52818,75.3
52819,301.05
52820,57.3
52821,113.85
52822,74.8
52823,42.55
52824,55.1
52825,51.95
52826,60.65
52827,55.15
52828,53.9
52829,66.5
52830,51.35
52831,88.4
52832,118.15
52833,208.05
52834,106.45
52835,58.15
52836,48.55
52837,74.5
52838,57.25
52839,100.05
52840,58.8
52841,236.15
52842,65.75
52843,57.35
52844,66.1
52845,90
52846,57.65
52847,49.55
52848,45.05
52849,54.75
52850,97.5
52851,62.55
52852,55.9
52853,80.8
52854,55.65
52855,52.1
52856,130.95
52857,324.5
52858,143.15
52859,166.6
52860,77.3
52861,53.8
52862,48.8
52863,74
52864,76.5
52865,254.2
52866,97.95
52867,68.75
52868,58.5
52869,57.6
52870,124.9
52871,211.05
52872,229.6
52873,100.8
52874,57.9
52875,58.85
52876,295.9
52877,59.5
52878,81.1
52879,83.7
52880,50.25
52881,64.6
52882,97.85
52883,87.9
52884,107.4
52885,70.6
52886,74.65
52887,61.75
52888,106.95
52889,66.25
52890,77
52891,60.15
52892,75.55
52893,93.35
52894,47.7
52895,39.2
52896,55.5
52897,45.55
52898,61.7
52899,57.7
52900,135.7
52901,90.15
52902,101.65
52903,73.05
52904,67.95
52905,41.05
52906,77.85
52907,61.2
52908,45.9
52909,256.15
52910,53.1
52911,53.1
52912,134
52913,70.45
52914,174.35
52915,45.75
52916,73.35
52917,273.7
52918,77.55
52919,125.25
52920,236.7
52921,41.75
52922,131.8
52923,65.6
52924,80.8
52925,82.45
52926,56.3
52927,69.6
52928,245.2
52929,73.1
52930,69.45
52931,68
52932,73.25
52933,60.65
52934,130.25
52935,185.55
52936,74.95
52937,120.6
52938,189.85
52939,56.8
52940,53.3
52941,172.3
52942,167.3
52943,80.15
52944,47.35
52945,48.3
52946,57.95
52947,44.05
52948,47.1
52949,124.25
52950,49.3
52951,62.05
52952,29.25
52953,56.9
52954,105.2
52955,48.2
52956,45.7
52957,105.65
52958,80.25
52959,151.5
52960,35.3
52961,120.15
52962,69.9
52963,47.35
52964,115.1
52965,72.05
52966,323.05
52967,62.8
52968,278.8
52969,54.8
52970,62.5
52971,54.75
52972,90.5
52973,255.1
52974,222.3
52975,304.1
52976,54.3
52977,84.7
52978,184.2
52979,56.7
52980,93.9
52981,61.5
52982,290.4
52983,88.15
52984,59.15
52985,65.85
52986,49
52987,121.15
52988,265.9
52989,70.9
52990,39.7
52991,64.6
52992,52.3
52993,295.95
52994,54.9
52995,65.6
52996,70.45
52997,77.55
52998,174.85
52999,75
53000,64.8
53001,108.95
53002,135.8
53003,183.45
53004,238.35
53005,70.7
53006,66.85
53007,45.4
53008,57.9
53009,59.05
53010,65.25
53011,114.3
53012,46.85
53013,111.6
53014,329.4
53015,54.3
53016,295.7
53017,76.9
53018,31.15
53019,243.3
53020,119.1
53021,87
53022,240
53023,82.55
53024,43.25
53025,89.15
53026,46.4
53027,88.85
53028,112.55
53029,64.05
53030,44.05
53031,99
53032,46.4
53033,55.85
53034,295.05
53035,83.4
53036,40.85
53037,84.95
53038,61.4
53039,108.6
53040,61.3
53041,237.5
53042,116.8
53043,126
53044,61.55
53045,259.4
53046,50.4
53047,174.35
53048,66.7
53049,56.95
53050,118
53051,47.6
53052,117.7
53053,87.4
53054,115.85
53055,60.15
53056,92.7
53057,81.15
53058,391.9
53059,78.05
53060,262.8
53061,64.45
53062,106.6
53063,63.3
53064,131.75
53065,58.3
53066,262.5
53067,298.7
53068,209.95
53069,67.1
53070,82.45
53071,72.8
53072,162.4
53073,90.95
53074,63.45
53075,58.8
53076,107.2
53077,45.05
53078,62.1
53079,133.7
53080,84.45
53081,64.6
53082,129.25
53083,55.8
53084,78.8
53085,262.25
53086,47.4
53087,72.3
53088,81.95
53089,79.3
53090,52.8
53091,54.1
53092,85.35
53093,145.1
53094,67.75
53095,60.6
53096,105.4
53097,145.15
53098,226.35
53099,101.75
53100,75.5
53101,64.15
53102,75.45
53103,251.8
53104,47.15
53105,56.4
53106,63.55
53107,71.8
53108,65.4
53109,76.1
53110,227.55
53111,233.1
53112,151.8
53113,101.2
53114,527.35
53115,88.7
53116,67.85
53117,57.75
53118,49.8
53119,188.5
53120,104.3
53121,86.15
53122,84.35
53123,285.35
53124,69.05
53125,87.95
53126,59.55
53127,71.25
53128,81.55
53129,65.7
53130,57.3
53131,59.95
53132,67.25
53133,85
53134,73.1
53135,116.05
53136,56.1
53137,66.55
53138,58.45
53139,57.9
53140,93.75
53141,91
53142,147.1
53143,38.95
53144,67.5
53145,187.9
53146,59.25
53147,144.45
53148,107.05
53149,128.7
53150,57.6
53151,216.25
53152,72.9
53153,61.7
53154,107.55
53155,128.3
53156,48.6
53157,67
53158,67.15
53159,52.85
53160,282.65
53161,207.4
53162,50.75
53163,110.2
53164,102.45
53165,66.1
53166,58.1
53167,87.65
53168,318.05
53169,128.85
53170,60
53171,64.6
53172,130.4
53173,61.2
53174,61.15
53175,248.6
53176,54.25
53177,82.8
53178,73
53179,123
53180,100
53181,195.25
53182,56.35
53183,52.95
53184,62.75
53185,61.9
53186,80.65
53187,60.05
53188,337.85
53189,37
53190,45.1
53191,54.8
53192,56.95
53193,261.6
53194,140.15
53195,54
53196,93.9
53197,42.15
53198,60.2
53199,114.05
53200,59.1
53201,122.45
53202,111.6
53203,63
53204,72.6
53205,70.15
53206,87.65
53207,143.9
53208,51.25
53209,52.55
53210,106.45
53211,121.45
53212,98.45
53213,96.15
53214,89.5
53215,64.9
53216,47.35
53217,64.85
53218,41.9
53219,127.65
53220,70
53221,78.3
53222,78.3
53223,94.75
53224,85.65
53225,337.85
53226,117.95
53227,57.3
53228,71.1
53229,51
53230,39.9
53231,118.15
53232,102.6
53233,145.25
53234,68.4
53235,178.7
53236,310.45
53237,60.85
53238,67.35
53239,79.8
53240,80.05
53241,107.3
53242,117
53243,114.45
53244,72
53245,65.75
53246,61.1
53247,91
53248,34.05
53249,60.65
53250,106.6
53251,69.35
53252,282.25
53253,61
53254,56.4
53255,98.75
53256,306.55
53257,111.3
53258,54.8
53259,89.4
53260,125.55
53261,254.4
53262,116.5
53263,143
53264,85.45
53265,150.65
53266,145.95
53267,46.05
53268,109.4
53269,63.7
53270,276.95
53271,63
53272,73.9
53273,65.35
53274,344.9
53275,98.9
53276,175.6
53277,54.45
53278,140.7
53279,249.75
53280,56.45
53281,53.95
53282,51.9
53283,47.95
53284,76.05
53285,78.5
53286,110.55
53287,57.4
53288,61.15
53289,79.8
53290,38.3
53291,94.2
53292,66.45
53293,104.25
53294,40.1
53295,61.45
53296,59.75
53297,52
53298,105.25
53299,61.6
53300,139.8
53301,57.3
53302,58.85
53303,92.6
53304,172.15
53305,76.45
53306,53.95
53307,63.4
53308,117.3
53309,78.1
53310,132.9
53311,51.95
53312,68.25
53313,56.25
53314,44.85
53315,36.4
53316,53.9
53317,305.2
53318,149.3
53319,53.85
53320,77.05
53321,142.9
53322,100.35
53323,126.2
53324,94.15
53325,150.2
53326,100.7
53327,286.2
53328,59.8
53329,193.15
53330,115
53331,92.8
53332,45.45
53333,58.3
53334,51.9
53335,78.5
53336,62.8
53337,71.7
53338,71.05
53339,299
53340,103.25
53341,323
53342,108
53343,118.6
53344,61.05
53345,51.65
53346,116.6
53347,317.2
53348,87.3
53349,251.4
53350,129.35
53351,247.65
53352,46.8
53353,120.25
53354,98.85
53355,52.2
53356,68.1
53357,88.45
53358,47.1
53359,375.95
53360,93.7
53361,56.15
53362,255.15
53363,44.65
53364,138.25
53365,43.9
53366,61.8
53367,50.3
53368,86.3
53369,39.4
53370,224.05
53371,104.95
53372,64.4
53373,125.25
53374,80.3
53375,66.3
53376,69.95
53377,94.85
53378,134.95
53379,113.7
53380,100.9
53381,87.8
53382,58.45
53383,69.2
53384,57.5
53385,361.75
53386,108.9
53387,61.05
53388,69.2
53389,87.4
53390,51.85
53391,113.4
53392,49.3
53393,63.15
53394,49.85
53395,53.75
53396,93.4
53397,40.7
53398,41.2
53399,52.25
53400,42.75
53401,100.55
53402,64.35
53403,80.5
53404,156.2
53405,236.35
53406,130
53407,60.3
53408,67.3
53409,58.85
53410,37.85
53411,73.6
53412,58.45
53413,66.1
53414,80.9
53415,62.55
53416,148.4
53417,71.35
53418,83.65
53419,66.95
53420,88.85
53421,183.4
53422,284.3
53423,207.4
53424,93.45
53425,245.3
53426,77.1
53427,130
53428,120.1
53429,55.9
53430,80.15
53431,55.15
53432,40.2
53433,308.05
53434,199.05
53435,55.95
53436,66.45
53437,38.5
53438,46.25
53439,100.95
53440,61.85
53441,88.95
53442,73.45
53443,51.85
53444,55.45
53445,41.75
53446,62.9
53447,48.95
53448,63.2
53449,108.9
53450,62.55
53451,75.3
53452,164.6
53453,108.7
53454,106.1
53455,77.85
53456,70.95
53457,111.6
53458,176.35
53459,72.35
53460,48.95
53461,143.55
53462,112.4
53463,59
53464,104.35
53465,67.5
53466,101.25
53467,43.55
53468,400.75
53469,143.9
53470,248.6
53471,253.05
53472,42.15
53473,51.35
53474,40.9
53475,67.6
53476,50.3
53477,230.5
53478,89.55
53479,64.9
53480,137.4
53481,118.35
53482,81.1
53483,48.8
53484,108.2
53485,250
53486,149.7
53487,54.85
53488,80
53489,227.65
53490,58.5
53491,83.85
53492,56.5
53493,99.25
53494,62.7
53495,135.5
53496,126.2
53497,110.2
53498,47.25
53499,51.2
53500,60.8
53501,180.8
53502,53
53503,56.05
53504,425.15
53505,96.25
53506,85.3
53507,220.05
53508,63.9
53509,63
53510,62.7
53511,55.85
53512,119.5
53513,44
53514,86.45
53515,74
53516,130.25
53517,225.55
53518,64.2
53519,65.75
53520,69.3
53521,51.85
53522,73.3
53523,60.05
53524,65.1
53525,59.05
53526,42.55
53527,154.05
53528,146.9
53529,55.95
53530,45.85
53531,56.85
53532,89.4
53533,71.3
53534,70.9
53535,91.9
53536,211.55
53537,56.8
53538,229.05
53539,149.75
53540,56.35
53541,198.75
53542,64.55
53543,164.1
53544,59.5
53545,124.8
53546,54.05
53547,94.2
53548,151.05
53549,86.65
53550,55.1
53551,238.95
53552,67.15
53553,44.7
53554,67.7
53555,72.25
53556,75.6
53557,65.05
53558,55.7
53559,59.7
53560,205.1
53561,67.9
53562,105.65
53563,65.1
53564,58.3
53565,121.45
53566,70.8
53567,81.05
53568,86.6
53569,127.35
53570,141.6
53571,63.3
53572,60.5
53573,61.1
53574,48
53575,84.55
53576,95.4
53577,119.15
53578,106.65
53579,83.35
53580,124.6
53581,123.35
53582,72.6
53583,54.9
53584,142.8
53585,154
53586,42
53587,52.6
53588,68.3
53589,60.4
53590,60.35
53591,326.85
53592,104.65
53593,338.25
53594,75.15
53595,62.9
53596,141.9
53597,322.2
53598,61.85
53599,52.8
53600,73.3
53601,63.9
53602,50.05
53603,72.95
53604,127.1
53605,68.55
53606,110.4
53607,406.55
53608,185
53609,395.95
53610,77.55
53611,118.75
53612,66.7
53613,67.1
53614,59.9
53615,60.6
53616,70.55
53617,122.8
53618,130.2
53619,144.85
53620,37.35
53621,73.25
53622,297.2
53623,47.8
53624,63.55
53625,63.45
53626,245.85
53627,77
53628,86.25
53629,70.8
53630,67.2
53631,33.75
53632,177.35
53633,61.75
53634,58.5
53635,56.95
53636,59.6
53637,47.05
53638,87.7
53639,68.3
53640,75.9
53641,61.1
53642,142.25
53643,66.65
53644,55.65
53645,43.65
53646,108.5
53647,152.8
53648,61.65
53649,71.6
53650,142.15
53651,84.8
53652,80.85
53653,79.35
53654,118.2
53655,50.25
53656,79.35
53657,120.3
53658,117.85
53659,62.5
53660,58.65
53661,344.8
53662,117.6
53663,150.4
53664,52.15
53665,412.1
53666,129.8
53667,59.65
53668,55
53669,124.45
53670,82.5
53671,176.75
53672,51.85
53673,44.4
53674,60.15
53675,126.1
53676,53.05
53677,62.65
53678,135.95
53679,69.5
53680,163.6
53681,58
53682,76.35
53683,73
53684,115.9
53685,148.15
53686,166.55
53687,54.2
53688,66.55
53689,137.9
53690,101.9
53691,58.2
53692,130.8
53693,97.05
53694,52.6
53695,81.2
53696,169.9
53697,272.65
53698,218.65
53699,69.7
53700,322.35
53701,158.3
53702,69.55
53703,42.7
53704,95.75
53705,124.7
53706,94.2
53707,67.15
53708,49.15
53709,79.2
53710,63.55
53711,108.95
53712,45.65
53713,58.9
53714,57
53715,197.4
53716,46.25
53717,112
53718,213
53719,67.2
53720,65.1
53721,81.95
53722,48.4
53723,88
53724,68.15
53725,69.35
53726,151.65
53727,99.75
53728,64.85
53729,362.85
53730,59.7
53731,254.9
53732,58.65
53733,64.65
53734,56.4
53735,40.4
53736,91.1
53737,330.6
53738,63.95
53739,111.2
53740,116.75
53741,215.05
53742,85.95
53743,72.15
53744,79.45
53745,102.8
53746,93.75
53747,115.9
53748,81.5
53749,152.65
53750,64.05
53751,54.65
53752,60.15
53753,60.9
53754,43.25
53755,99.45
53756,63.95
53757,55.7
53758,65.65
53759,120.3
53760,168.05
53761,57.55
53762,53.6
53763,106.45
53764,55
53765,58.35
53766,75.15
53767,90.6
53768,163.35
53769,303.1
53770,62.65
53771,121
53772,243.7
53773,59.05
53774,307.6
53775,72.9
53776,61.25
53777,193.4
53778,346.45
53779,53.3
53780,75.25
53781,113.35
53782,56.4
53783,78.05
53784,61.4
53785,57.75
53786,50.75
53787,75.05
53788,39.5
53789,79.85
53790,84.15
53791,68.75
53792,85.2
53793,46.95
53794,51.55
53795,53.65
53796,58.95
53797,61.85
53798,75
53799,64.7
53800,341.3
53801,80.75
53802,244.65
53803,120.65
53804,55.1
53805,105.35
53806,54.55
53807,59.65
53808,63.05
53809,157.15
53810,211.9
53811,56.25
53812,52
53813,42.05
53814,62.15
53815,138.55
53816,116.3
53817,44.5
53818,107.9
53819,98.55
53820,44.2
53821,55.3
53822,74.1
53823,172.9
53824,71.3
53825,49
53826,71.1
53827,133.05
53828,57.2
53829,86.55
53830,78.75
53831,136.75
53832,72.25
53833,89.15
53834,194.35
53835,53
53836,116.4
53837,163.85
53838,89.45
53839,313.3
53840,63.15
53841,59.65
53842,74.75
53843,54.65
53844,315.5
53845,122.3
53846,59.2
53847,82.9
53848,56.25
53849,62.65
53850,96.75
53851,59.5
53852,329.6
53853,137
53854,91.15
53855,66.2
53856,189.85
53857,65.4
53858,88.8
53859,69.15
53860,58
53861,126.8
53862,53.4
53863,81.75
53864,121.65
53865,98.6
53866,68.9
53867,66.35
53868,48.45
53869,56.85
53870,88.95
53871,51.6
53872,80.5
53873,48.5
53874,57.85
53875,53.8
53876,103.15
53877,63.55
53878,94.2
53879,142
53880,55.35
53881,82.3
53882,57.35
53883,89.5
53884,50.2
53885,262.9
53886,83.15
53887,102.8
53888,39.8
53889,73.3
53890,159
53891,57.05
53892,60
53893,84.75
53894,280.6
53895,46.3
53896,58.4
53897,37.15
53898,55
53899,122.8
53900,130.15
53901,45.45
53902,252.75
53903,363.2
53904,54.3
53905,112.5
53906,100.8
53907,155.7
53908,64.85
53909,62.55
53910,52.45
53911,125.9
53912,306
53913,58.35
53914,34.9
53915,68.05
53916,62.3
53917,113.75
53918,48.45
53919,131.6
53920,90
53921,69.05
53922,60.95
53923,66.45
53924,48.75
53925,59.6
53926,95
53927,81.95
53928,121.1
53929,112.85
53930,94.05
53931,59.4
53932,137
53933,103.15
53934,89.65
53935,140.9
53936,57.65
53937,51.75
53938,65.9
53939,59.75
53940,113.75
53941,50
53942,58.2
53943,91.55
53944,72.95
53945,193.85
