,Energy,Observation
0,54.6,50001
1,94.6,50002
2,61.1,50003
3,90.8,50004
4,56.2,50005
5,64.9,50006
6,130.75,50007
7,49.7,50008
8,178.85,50009
9,41.55,50010
10,52.35,50011
11,82.25,50012
12,57.85,50013
13,107.0,50014
14,66.45,50015
15,104.85,50016
16,65.95,50017
17,317.9,50018
18,57.85,50019
19,99.6,50020
20,76.75,50021
21,222.95,50022
22,123.0,50023
23,85.75,50024
24,60.75,50025
25,73.2,50026
26,231.95,50027
27,296.9,50028
28,54.85,50029
29,53.55,50030
30,64.55,50031
31,95.25,50032
32,72.75,50033
33,62.05,50034
34,149.55,50035
35,62.0,50036
36,58.9,50037
37,73.7,50038
38,115.05,50039
39,41.35,50040
40,57.35,50041
41,52.8,50042
42,61.25,50043
43,155.85,50044
44,91.65,50045
45,66.85,50046
46,55.05,50047
47,64.4,50048
48,56.8,50049
49,94.35,50050
50,137.95,50051
51,50.85,50052
52,62.45,50053
53,243.8,50054
54,132.35,50055
55,51.0,50056
56,62.55,50057
57,136.45,50058
58,58.15,50059
59,301.85,50060
60,71.15,50061
61,42.6,50062
62,51.95,50063
63,86.25,50064
64,48.6,50065
65,78.65,50066
66,135.35,50067
67,51.8,50068
68,218.65,50069
69,62.2,50070
70,163.75,50071
71,135.1,50072
72,198.5,50073
73,52.65,50074
74,48.65,50075
75,55.7,50076
76,57.1,50077
77,110.85,50078
78,131.35,50079
79,73.35,50080
80,77.5,50081
81,54.4,50082
82,54.65,50083
83,47.7,50084
84,68.6,50085
85,80.25,50086
86,142.8,50087
87,67.55,50088
88,53.65,50089
89,185.2,50090
90,63.8,50091
91,64.4,50092
92,176.7,50093
93,224.05,50094
94,86.55,50095
95,55.1,50096
96,51.55,50097
97,65.9,50098
98,91.25,50099
99,116.0,50100
100,39.5,50101
101,66.45,50102
102,76.3,50103
103,120.1,50104
104,105.95,50105
105,65.0,50106
106,55.5,50107
107,173.0,50108
108,73.25,50109
109,52.65,50110
110,55.15,50111
111,176.35,50112
112,64.45,50113
113,72.75,50114
114,63.8,50115
115,57.3,50116
116,68.55,50117
117,51.3,50118
118,190.95,50119
119,147.75,50120
120,210.3,50121
121,72.7,50122
122,68.6,50123
123,80.9,50124
124,54.65,50125
125,250.5,50126
126,82.35,50127
127,43.05,50128
128,123.85,50129
129,68.85,50130
130,164.3,50131
131,59.45,50132
132,58.9,50133
133,144.5,50134
134,58.9,50135
135,158.7,50136
136,347.75,50137
137,70.0,50138
138,53.05,50139
139,49.45,50140
140,438.0,50141
141,213.2,50142
142,84.7,50143
143,42.95,50144
144,86.15,50145
145,47.25,50146
146,92.9,50147
147,90.05,50148
148,111.55,50149
149,107.15,50150
150,229.55,50151
151,68.4,50152
152,113.85,50153
153,56.3,50154
154,59.45,50155
155,92.5,50156
156,106.1,50157
157,112.15,50158
158,57.7,50159
159,70.45,50160
160,91.7,50161
161,49.6,50162
162,73.3,50163
163,92.3,50164
164,162.1,50165
165,96.7,50166
166,105.85,50167
167,127.1,50168
168,49.75,50169
169,53.7,50170
170,71.95,50171
171,69.05,50172
172,60.45,50173
173,70.9,50174
174,76.45,50175
175,152.4,50176
176,60.35,50177
177,48.8,50178
178,40.9,50179
179,83.1,50180
180,212.75,50181
181,69.3,50182
182,49.6,50183
183,57.4,50184
184,61.9,50185
185,112.85,50186
186,207.2,50187
187,58.6,50188
188,75.55,50189
189,120.35,50190
190,108.2,50191
191,61.4,50192
192,74.35,50193
193,101.9,50194
194,58.0,50195
195,58.75,50196
196,50.95,50197
197,206.05,50198
198,60.2,50199
199,243.8,50200
200,60.6,50201
201,58.0,50202
202,401.4,50203
203,44.9,50204
204,100.8,50205
205,114.45,50206
206,57.25,50207
207,136.75,50208
208,168.6,50209
209,107.5,50210
210,66.45,50211
211,62.45,50212
212,373.8,50213
213,59.5,50214
214,191.25,50215
215,56.1,50216
216,48.0,50217
217,54.2,50218
218,126.9,50219
219,64.1,50220
220,85.15,50221
221,59.8,50222
222,29.8,50223
223,109.1,50224
224,66.8,50225
225,126.7,50226
226,112.65,50227
227,67.0,50228
228,57.35,50229
229,162.4,50230
230,417.05,50231
231,445.25,50232
232,64.65,50233
233,141.6,50234
234,193.45,50235
235,122.8,50236
236,47.8,50237
237,71.1,50238
238,48.75,50239
239,74.45,50240
240,45.95,50241
241,67.35,50242
242,59.0,50243
243,59.15,50244
244,74.75,50245
245,193.95,50246
246,104.55,50247
247,66.25,50248
248,215.9,50249
249,120.25,50250
250,48.05,50251
251,58.65,50252
252,100.5,50253
253,57.45,50254
254,91.5,50255
255,64.0,50256
256,37.65,50257
257,313.6,50258
258,86.05,50259
259,132.55,50260
260,113.7,50261
261,50.3,50262
262,85.05,50263
263,114.8,50264
264,49.45,50265
265,55.35,50266
266,61.6,50267
267,105.3,50268
268,82.35,50269
269,149.1,50270
270,125.05,50271
271,152.55,50272
272,160.8,50273
273,67.45,50274
274,62.35,50275
275,80.35,50276
276,308.6,50277
277,45.85,50278
278,52.9,50279
279,55.8,50280
280,56.95,50281
281,68.65,50282
282,180.65,50283
283,79.0,50284
284,60.3,50285
285,103.35,50286
286,44.8,50287
287,110.65,50288
288,66.65,50289
289,57.6,50290
290,57.45,50291
291,54.9,50292
292,54.9,50293
293,47.45,50294
294,136.05,50295
295,57.95,50296
296,217.9,50297
297,63.25,50298
298,92.95,50299
299,175.35,50300
300,84.6,50301
301,104.5,50302
302,87.7,50303
303,186.65,50304
304,50.5,50305
305,157.75,50306
306,46.3,50307
307,56.15,50308
308,67.05,50309
309,57.55,50310
310,175.35,50311
311,63.45,50312
312,103.8,50313
313,82.15,50314
314,44.45,50315
315,127.0,50316
316,63.5,50317
317,65.35,50318
318,74.25,50319
319,99.45,50320
320,65.1,50321
321,239.7,50322
322,52.25,50323
323,52.4,50324
324,117.0,50325
325,87.65,50326
326,131.1,50327
327,78.05,50328
328,52.0,50329
329,57.75,50330
330,83.2,50331
331,84.75,50332
332,64.9,50333
333,56.45,50334
334,254.85,50335
335,63.35,50336
336,139.65,50337
337,56.3,50338
338,49.65,50339
339,62.2,50340
340,44.25,50341
341,62.75,50342
342,44.65,50343
343,86.6,50344
344,46.5,50345
345,177.2,50346
346,62.0,50347
347,60.6,50348
348,59.55,50349
349,89.25,50350
350,81.75,50351
351,103.85,50352
352,294.0,50353
353,61.2,50354
354,59.1,50355
355,83.35,50356
356,316.7,50357
357,67.7,50358
358,67.55,50359
359,86.65,50360
360,130.05,50361
361,129.45,50362
362,53.95,50363
363,131.9,50364
364,69.45,50365
365,52.75,50366
366,145.3,50367
367,287.2,50368
368,50.7,50369
369,124.05,50370
370,375.7,50371
371,51.75,50372
372,246.75,50373
373,106.6,50374
374,391.05,50375
375,98.25,50376
376,107.15,50377
377,92.05,50378
378,61.85,50379
379,310.35,50380
380,106.95,50381
381,77.8,50382
382,46.65,50383
383,64.4,50384
384,60.0,50385
385,58.35,50386
386,80.05,50387
387,46.65,50388
388,38.15,50389
389,65.5,50390
390,132.65,50391
391,57.85,50392
392,62.75,50393
393,66.1,50394
394,232.05,50395
395,60.45,50396
396,57.45,50397
397,153.6,50398
398,73.85,50399
399,44.3,50400
400,54.25,50401
401,85.2,50402
402,106.6,50403
403,66.8,50404
404,43.7,50405
405,158.5,50406
406,67.9,50407
407,174.15,50408
408,155.6,50409
409,198.1,50410
410,57.6,50411
411,113.35,50412
412,43.45,50413
413,105.1,50414
414,152.9,50415
415,62.1,50416
416,66.2,50417
417,87.55,50418
418,44.3,50419
419,129.05,50420
420,97.55,50421
421,63.55,50422
422,77.05,50423
423,80.1,50424
424,227.35,50425
425,103.15,50426
426,72.4,50427
427,116.45,50428
428,112.2,50429
429,156.1,50430
430,61.1,50431
431,77.95,50432
432,48.55,50433
433,51.55,50434
434,59.4,50435
435,60.25,50436
436,91.45,50437
437,123.6,50438
438,221.25,50439
439,79.7,50440
440,58.35,50441
441,57.8,50442
442,46.95,50443
443,104.1,50444
444,412.85,50445
445,92.4,50446
446,44.25,50447
447,56.75,50448
448,70.55,50449
449,87.45,50450
450,192.5,50451
451,70.6,50452
452,51.15,50453
453,44.7,50454
454,54.9,50455
455,62.6,50456
456,53.25,50457
457,52.7,50458
458,131.2,50459
459,87.6,50460
460,50.9,50461
461,262.4,50462
462,77.1,50463
463,157.85,50464
464,33.4,50465
465,96.85,50466
466,162.95,50467
467,180.8,50468
468,70.95,50469
469,59.95,50470
470,86.4,50471
471,51.7,50472
472,102.9,50473
473,97.5,50474
474,69.5,50475
475,68.55,50476
476,57.9,50477
477,73.2,50478
478,75.3,50479
479,59.0,50480
480,90.35,50481
481,185.1,50482
482,43.6,50483
483,58.7,50484
484,282.5,50485
485,61.4,50486
486,44.2,50487
487,111.85,50488
488,369.9,50489
489,55.15,50490
490,122.45,50491
491,189.0,50492
492,43.25,50493
493,62.45,50494
494,66.4,50495
495,69.45,50496
496,60.8,50497
497,79.55,50498
498,184.25,50499
499,34.5,50500
500,58.7,50501
501,41.6,50502
502,84.8,50503
503,50.8,50504
504,35.9,50505
505,45.7,50506
506,54.5,50507
507,57.5,50508
508,92.1,50509
509,72.45,50510
510,79.45,50511
511,54.25,50512
512,54.6,50513
513,81.4,50514
514,116.75,50515
515,117.05,50516
516,93.5,50517
517,62.05,50518
518,142.2,50519
519,172.45,50520
520,39.85,50521
521,91.1,50522
522,102.15,50523
523,36.5,50524
524,63.4,50525
525,81.85,50526
526,51.85,50527
527,77.3,50528
528,129.7,50529
529,67.25,50530
530,83.1,50531
531,167.0,50532
532,53.0,50533
533,62.75,50534
534,101.4,50535
535,69.7,50536
536,50.85,50537
537,205.35,50538
538,195.15,50539
539,48.05,50540
540,50.3,50541
541,69.2,50542
542,71.35,50543
543,71.45,50544
544,111.55,50545
545,54.45,50546
546,124.4,50547
547,67.7,50548
548,68.55,50549
549,58.9,50550
550,59.5,50551
551,96.6,50552
552,179.9,50553
553,52.6,50554
554,41.6,50555
555,84.85,50556
556,48.95,50557
557,169.95,50558
558,110.45,50559
559,140.5,50560
560,334.75,50561
561,104.85,50562
562,58.3,50563
563,58.9,50564
564,71.0,50565
565,490.3,50566
566,115.15,50567
567,61.6,50568
568,38.1,50569
569,73.75,50570
570,236.95,50571
571,232.25,50572
572,52.15,50573
573,72.15,50574
574,49.25,50575
575,78.95,50576
576,49.45,50577
577,75.1,50578
578,170.4,50579
579,89.4,50580
580,54.75,50581
581,45.85,50582
582,71.0,50583
583,57.75,50584
584,74.85,50585
585,98.5,50586
586,60.9,50587
587,41.1,50588
588,201.2,50589
589,66.85,50590
590,148.75,50591
591,97.25,50592
592,68.0,50593
593,54.0,50594
594,49.6,50595
595,74.65,50596
596,128.15,50597
597,148.25,50598
598,78.2,50599
599,58.5,50600
600,56.3,50601
601,298.95,50602
602,50.85,50603
603,103.6,50604
604,65.3,50605
605,37.55,50606
606,69.55,50607
607,72.65,50608
608,62.9,50609
609,59.35,50610
610,55.5,50611
611,39.7,50612
612,70.0,50613
613,42.75,50614
614,48.3,50615
615,85.5,50616
616,114.0,50617
617,56.55,50618
618,63.35,50619
619,57.7,50620
620,130.8,50621
621,185.35,50622
622,103.2,50623
623,93.3,50624
624,116.0,50625
625,131.75,50626
626,132.15,50627
627,100.2,50628
628,181.05,50629
629,56.25,50630
630,436.7,50631
631,101.85,50632
632,97.3,50633
633,354.6,50634
634,149.3,50635
635,265.85,50636
636,64.3,50637
637,81.95,50638
638,48.3,50639
639,96.2,50640
640,66.1,50641
641,37.5,50642
642,76.7,50643
643,56.15,50644
644,99.75,50645
645,145.9,50646
646,75.65,50647
647,60.75,50648
648,50.3,50649
649,109.5,50650
650,60.45,50651
651,47.0,50652
652,88.55,50653
653,79.7,50654
654,69.6,50655
655,84.2,50656
656,239.95,50657
657,80.35,50658
658,141.55,50659
659,121.8,50660
660,41.8,50661
661,34.8,50662
662,48.9,50663
663,58.8,50664
664,68.2,50665
665,70.6,50666
666,41.3,50667
667,49.5,50668
668,202.95,50669
669,249.75,50670
670,43.95,50671
671,66.8,50672
672,54.9,50673
673,52.75,50674
674,96.45,50675
675,61.65,50676
676,68.55,50677
677,103.65,50678
678,100.25,50679
679,100.35,50680
680,138.2,50681
681,47.3,50682
682,71.3,50683
683,75.5,50684
684,149.0,50685
685,60.3,50686
686,153.3,50687
687,51.2,50688
688,50.6,50689
689,48.25,50690
690,56.1,50691
691,219.05,50692
692,54.15,50693
693,69.6,50694
694,292.6,50695
695,53.65,50696
696,123.6,50697
697,101.9,50698
698,115.75,50699
699,41.85,50700
700,81.35,50701
701,323.45,50702
702,69.0,50703
703,33.65,50704
704,49.55,50705
705,59.9,50706
706,72.45,50707
707,192.45,50708
708,48.05,50709
709,54.45,50710
710,136.7,50711
711,49.3,50712
712,41.6,50713
713,164.05,50714
714,103.2,50715
715,57.85,50716
716,55.85,50717
717,168.4,50718
718,66.05,50719
719,82.1,50720
720,97.8,50721
721,132.2,50722
722,68.9,50723
723,77.95,50724
724,146.95,50725
725,50.45,50726
726,72.4,50727
727,291.4,50728
728,54.85,50729
729,265.85,50730
730,275.9,50731
731,95.0,50732
732,46.25,50733
733,310.45,50734
734,163.85,50735
735,159.5,50736
736,73.25,50737
737,114.15,50738
738,46.45,50739
739,66.45,50740
740,63.0,50741
741,119.3,50742
742,200.25,50743
743,56.35,50744
744,51.15,50745
745,175.4,50746
746,71.0,50747
747,221.55,50748
748,55.1,50749
749,109.65,50750
750,55.6,50751
751,140.55,50752
752,108.5,50753
753,49.8,50754
754,60.1,50755
755,68.7,50756
756,56.1,50757
757,50.6,50758
758,77.6,50759
759,67.75,50760
760,105.45,50761
761,65.25,50762
762,42.6,50763
763,70.15,50764
764,56.65,50765
765,59.75,50766
766,72.05,50767
767,65.35,50768
768,62.4,50769
769,53.0,50770
770,46.5,50771
771,152.75,50772
772,43.25,50773
773,115.0,50774
774,56.15,50775
775,142.2,50776
776,111.8,50777
777,201.25,50778
778,262.85,50779
779,61.15,50780
780,45.4,50781
781,50.8,50782
782,165.5,50783
783,202.6,50784
784,79.65,50785
785,47.3,50786
786,102.95,50787
787,160.05,50788
788,65.3,50789
789,75.45,50790
790,63.85,50791
791,63.25,50792
792,55.9,50793
793,52.0,50794
794,51.15,50795
795,86.5,50796
796,68.95,50797
797,260.75,50798
798,231.3,50799
799,113.6,50800
800,401.45,50801
801,111.4,50802
802,82.55,50803
803,133.75,50804
804,205.3,50805
805,57.05,50806
806,84.1,50807
807,123.15,50808
808,74.3,50809
809,115.5,50810
810,48.3,50811
811,165.9,50812
812,121.7,50813
813,328.1,50814
814,57.35,50815
815,56.6,50816
816,82.6,50817
817,120.3,50818
818,80.9,50819
819,169.25,50820
820,47.85,50821
821,183.75,50822
822,55.65,50823
823,351.8,50824
824,61.95,50825
825,57.8,50826
826,199.9,50827
827,57.4,50828
828,48.8,50829
829,63.4,50830
830,90.5,50831
831,109.75,50832
832,67.3,50833
833,70.95,50834
834,53.1,50835
835,58.5,50836
836,150.6,50837
837,52.05,50838
838,59.6,50839
839,68.9,50840
840,128.5,50841
841,43.7,50842
842,106.85,50843
843,59.5,50844
844,60.7,50845
845,51.4,50846
846,95.5,50847
847,69.8,50848
848,56.25,50849
849,56.55,50850
850,41.7,50851
851,78.95,50852
852,45.25,50853
853,52.95,50854
854,106.4,50855
855,120.45,50856
856,81.25,50857
857,43.25,50858
858,63.0,50859
859,55.3,50860
860,167.4,50861
861,54.55,50862
862,128.45,50863
863,99.6,50864
864,187.15,50865
865,83.5,50866
866,51.4,50867
867,162.7,50868
868,70.3,50869
869,38.9,50870
870,65.45,50871
871,64.8,50872
872,184.25,50873
873,60.95,50874
874,106.4,50875
875,363.2,50876
876,104.0,50877
877,124.75,50878
878,139.55,50879
879,148.3,50880
880,83.15,50881
881,299.2,50882
882,129.9,50883
883,75.3,50884
884,141.45,50885
885,195.7,50886
886,96.25,50887
887,45.4,50888
888,270.85,50889
889,75.35,50890
890,66.2,50891
891,42.35,50892
892,130.45,50893
893,60.0,50894
894,58.75,50895
895,91.6,50896
896,61.2,50897
897,81.65,50898
898,58.55,50899
899,135.0,50900
900,57.75,50901
901,114.65,50902
902,65.75,50903
903,63.25,50904
904,70.05,50905
905,33.85,50906
906,67.5,50907
907,81.35,50908
908,79.9,50909
909,228.15,50910
910,61.7,50911
911,41.7,50912
912,79.3,50913
913,180.5,50914
914,63.15,50915
915,97.65,50916
916,145.9,50917
917,106.05,50918
918,95.0,50919
919,61.25,50920
920,241.45,50921
921,261.3,50922
922,119.75,50923
923,195.15,50924
924,86.15,50925
925,203.95,50926
926,62.85,50927
927,80.0,50928
928,68.55,50929
929,68.65,50930
930,53.95,50931
931,85.1,50932
932,40.45,50933
933,98.95,50934
934,155.45,50935
935,45.65,50936
936,69.9,50937
937,112.25,50938
938,27.2,50939
939,103.4,50940
940,34.7,50941
941,89.2,50942
942,63.3,50943
943,138.7,50944
944,57.95,50945
945,58.55,50946
946,69.5,50947
947,49.8,50948
948,57.0,50949
949,92.7,50950
950,57.15,50951
951,56.8,50952
952,106.35,50953
953,42.3,50954
954,172.85,50955
955,64.85,50956
956,60.75,50957
957,149.05,50958
958,61.5,50959
959,267.7,50960
960,44.5,50961
961,133.25,50962
962,46.35,50963
963,255.2,50964
964,62.85,50965
965,56.55,50966
966,233.3,50967
967,78.95,50968
968,59.5,50969
969,165.75,50970
970,60.0,50971
971,60.05,50972
972,85.7,50973
973,180.25,50974
974,108.15,50975
975,51.25,50976
976,66.65,50977
977,63.5,50978
978,53.15,50979
979,42.65,50980
980,47.7,50981
981,113.55,50982
982,418.95,50983
983,151.35,50984
984,62.35,50985
985,143.45,50986
986,108.2,50987
987,101.75,50988
988,237.5,50989
989,44.05,50990
990,66.35,50991
991,75.3,50992
992,76.8,50993
993,43.0,50994
994,59.7,50995
995,61.55,50996
996,136.8,50997
997,54.55,50998
998,137.0,50999
999,39.15,51000
1000,97.55,51001
1001,77.05,51002
1002,58.75,51003
1003,54.15,51004
1004,158.35,51005
1005,52.65,51006
1006,76.55,51007
1007,131.65,51008
1008,48.6,51009
1009,300.7,51010
1010,69.35,51011
1011,67.8,51012
1012,66.5,51013
1013,142.35,51014
1014,96.85,51015
1015,105.3,51016
1016,57.05,51017
1017,77.55,51018
1018,72.8,51019
1019,53.5,51020
1020,56.0,51021
1021,222.75,51022
1022,41.35,51023
1023,152.1,51024
1024,38.35,51025
1025,112.25,51026
1026,81.8,51027
1027,59.4,51028
1028,68.05,51029
1029,110.1,51030
1030,54.55,51031
1031,113.05,51032
1032,53.05,51033
1033,240.75,51034
1034,78.45,51035
1035,49.05,51036
1036,230.5,51037
1037,41.9,51038
1038,141.3,51039
1039,181.7,51040
1040,38.05,51041
1041,67.65,51042
1042,57.7,51043
1043,68.75,51044
1044,144.65,51045
1045,64.45,51046
1046,119.2,51047
1047,278.85,51048
1048,73.45,51049
1049,72.75,51050
1050,125.85,51051
1051,171.1,51052
1052,43.1,51053
1053,83.7,51054
1054,44.0,51055
1055,66.45,51056
1056,106.15,51057
1057,111.5,51058
1058,72.8,51059
1059,108.6,51060
1060,46.75,51061
1061,346.55,51062
1062,117.95,51063
1063,110.7,51064
1064,56.55,51065
1065,96.3,51066
1066,129.55,51067
1067,51.75,51068
1068,192.15,51069
1069,61.45,51070
1070,188.75,51071
1071,152.35,51072
1072,106.0,51073
1073,47.8,51074
1074,43.85,51075
1075,96.5,51076
1076,279.25,51077
1077,63.0,51078
1078,62.3,51079
1079,82.4,51080
1080,118.25,51081
1081,135.1,51082
1082,52.9,51083
1083,56.95,51084
1084,190.75,51085
1085,46.15,51086
1086,80.1,51087
1087,132.3,51088
1088,154.55,51089
1089,81.25,51090
1090,113.95,51091
1091,339.9,51092
1092,178.35,51093
1093,54.6,51094
1094,256.55,51095
1095,180.85,51096
1096,205.25,51097
1097,57.0,51098
1098,49.0,51099
1099,64.4,51100
1100,52.75,51101
1101,61.65,51102
1102,105.0,51103
1103,64.85,51104
1104,53.8,51105
1105,100.5,51106
1106,89.25,51107
1107,67.85,51108
1108,55.85,51109
1109,87.4,51110
1110,115.9,51111
1111,63.0,51112
1112,75.55,51113
1113,64.5,51114
1114,56.45,51115
1115,87.5,51116
1116,89.0,51117
1117,51.4,51118
1118,53.6,51119
1119,64.3,51120
1120,50.55,51121
1121,95.15,51122
1122,76.4,51123
1123,41.85,51124
1124,64.6,51125
1125,65.9,51126
1126,97.75,51127
1127,111.75,51128
1128,97.7,51129
1129,116.2,51130
1130,246.0,51131
1131,144.15,51132
1132,64.2,51133
1133,196.85,51134
1134,74.45,51135
1135,153.6,51136
1136,97.3,51137
1137,120.15,51138
1138,186.0,51139
1139,96.9,51140
1140,95.85,51141
1141,64.5,51142
1142,333.3,51143
1143,79.55,51144
1144,96.2,51145
1145,67.8,51146
1146,309.0,51147
1147,56.35,51148
1148,59.5,51149
1149,135.0,51150
1150,109.95,51151
1151,66.8,51152
1152,51.85,51153
1153,53.25,51154
1154,63.3,51155
1155,65.85,51156
1156,153.75,51157
1157,140.05,51158
1158,68.8,51159
1159,123.3,51160
1160,170.45,51161
1161,73.15,51162
1162,59.45,51163
1163,70.7,51164
1164,82.4,51165
1165,48.0,51166
1166,64.05,51167
1167,73.6,51168
1168,57.65,51169
1169,170.1,51170
1170,57.4,51171
1171,90.55,51172
1172,114.0,51173
1173,235.45,51174
1174,111.55,51175
1175,46.35,51176
1176,96.75,51177
1177,132.05,51178
1178,54.95,51179
1179,87.8,51180
1180,196.8,51181
1181,44.0,51182
1182,55.1,51183
1183,38.3,51184
1184,117.7,51185
1185,41.7,51186
1186,86.7,51187
1187,173.5,51188
1188,50.05,51189
1189,57.0,51190
1190,146.2,51191
1191,101.65,51192
1192,74.6,51193
1193,40.9,51194
1194,72.85,51195
1195,73.3,51196
1196,52.95,51197
1197,174.8,51198
1198,54.25,51199
1199,351.35,51200
1200,65.35,51201
1201,60.25,51202
1202,155.3,51203
1203,118.25,51204
1204,69.6,51205
1205,106.6,51206
1206,57.55,51207
1207,57.9,51208
1208,202.25,51209
1209,120.95,51210
1210,115.2,51211
1211,60.95,51212
1212,67.75,51213
1213,73.65,51214
1214,51.75,51215
1215,53.8,51216
1216,153.5,51217
1217,391.4,51218
1218,45.3,51219
1219,74.9,51220
1220,83.9,51221
1221,85.45,51222
1222,46.8,51223
1223,84.35,51224
1224,59.6,51225
1225,51.0,51226
1226,71.9,51227
1227,61.7,51228
1228,85.4,51229
1229,66.3,51230
1230,58.75,51231
1231,107.15,51232
1232,104.8,51233
1233,146.9,51234
1234,44.85,51235
1235,57.75,51236
1236,54.35,51237
1237,172.8,51238
1238,55.9,51239
1239,57.45,51240
1240,74.45,51241
1241,62.4,51242
1242,90.85,51243
1243,75.15,51244
1244,50.65,51245
1245,39.55,51246
1246,225.65,51247
1247,67.2,51248
1248,60.8,51249
1249,51.4,51250
1250,54.75,51251
1251,51.1,51252
1252,63.45,51253
1253,104.55,51254
1254,83.15,51255
1255,84.75,51256
1256,104.55,51257
1257,57.9,51258
1258,66.15,51259
1259,56.3,51260
1260,107.35,51261
1261,157.55,51262
1262,56.6,51263
1263,43.65,51264
1264,53.65,51265
1265,348.35,51266
1266,92.5,51267
1267,61.7,51268
1268,183.65,51269
1269,42.4,51270
1270,63.3,51271
1271,105.05,51272
1272,103.55,51273
1273,128.25,51274
1274,57.1,51275
1275,142.65,51276
1276,100.4,51277
1277,48.7,51278
1278,46.0,51279
1279,66.2,51280
1280,62.5,51281
1281,142.45,51282
1282,87.45,51283
1283,139.6,51284
1284,119.1,51285
1285,34.95,51286
1286,46.4,51287
1287,135.6,51288
1288,155.8,51289
1289,129.6,51290
1290,55.0,51291
1291,53.05,51292
1292,160.25,51293
1293,108.8,51294
1294,65.2,51295
1295,110.35,51296
1296,68.65,51297
1297,83.1,51298
1298,57.7,51299
1299,68.95,51300
1300,210.65,51301
1301,142.75,51302
1302,154.6,51303
1303,77.3,51304
1304,185.65,51305
1305,58.2,51306
1306,93.25,51307
1307,122.95,51308
1308,80.1,51309
1309,86.1,51310
1310,80.75,51311
1311,37.55,51312
1312,69.45,51313
1313,92.15,51314
1314,68.05,51315
1315,60.65,51316
1316,149.55,51317
1317,98.65,51318
1318,122.4,51319
1319,101.45,51320
1320,68.45,51321
1321,63.5,51322
1322,62.5,51323
1323,120.6,51324
1324,55.1,51325
1325,98.8,51326
1326,59.9,51327
1327,73.3,51328
1328,54.9,51329
1329,59.65,51330
1330,49.55,51331
1331,217.95,51332
1332,60.2,51333
1333,413.6,51334
1334,77.6,51335
1335,59.35,51336
1336,93.5,51337
1337,42.5,51338
1338,47.7,51339
1339,62.1,51340
1340,62.35,51341
1341,129.0,51342
1342,59.15,51343
1343,63.1,51344
1344,117.35,51345
1345,53.25,51346
1346,101.7,51347
1347,144.0,51348
1348,245.7,51349
1349,103.9,51350
1350,60.9,51351
1351,60.3,51352
1352,74.55,51353
1353,41.6,51354
1354,135.8,51355
1355,136.55,51356
1356,67.0,51357
1357,59.25,51358
1358,55.25,51359
1359,147.85,51360
1360,59.6,51361
1361,51.9,51362
1362,62.8,51363
1363,57.6,51364
1364,58.3,51365
1365,121.95,51366
1366,291.6,51367
1367,274.05,51368
1368,87.15,51369
1369,64.75,51370
1370,58.35,51371
1371,68.8,51372
1372,193.55,51373
1373,60.0,51374
1374,42.4,51375
1375,344.35,51376
1376,148.35,51377
1377,66.55,51378
1378,54.55,51379
1379,62.35,51380
1380,114.9,51381
1381,42.2,51382
1382,54.15,51383
1383,79.7,51384
1384,112.9,51385
1385,86.6,51386
1386,174.1,51387
1387,94.35,51388
1388,77.0,51389
1389,188.6,51390
1390,181.15,51391
1391,55.15,51392
1392,71.65,51393
1393,54.15,51394
1394,96.15,51395
1395,31.25,51396
1396,78.05,51397
1397,106.8,51398
1398,97.3,51399
1399,115.65,51400
1400,314.75,51401
1401,70.05,51402
1402,56.55,51403
1403,120.9,51404
1404,51.25,51405
1405,146.4,51406
1406,163.2,51407
1407,70.5,51408
1408,209.2,51409
1409,129.05,51410
1410,111.05,51411
1411,49.85,51412
1412,70.15,51413
1413,132.15,51414
1414,143.1,51415
1415,82.3,51416
1416,230.55,51417
1417,56.15,51418
1418,55.8,51419
1419,42.75,51420
1420,142.85,51421
1421,88.85,51422
1422,232.2,51423
1423,62.0,51424
1424,39.2,51425
1425,53.75,51426
1426,68.25,51427
1427,44.8,51428
1428,58.35,51429
1429,233.05,51430
1430,239.6,51431
1431,66.55,51432
1432,63.0,51433
1433,131.95,51434
1434,271.45,51435
1435,62.85,51436
1436,63.55,51437
1437,54.9,51438
1438,96.95,51439
1439,55.0,51440
1440,110.45,51441
1441,120.5,51442
1442,44.95,51443
1443,57.75,51444
1444,167.15,51445
1445,176.9,51446
1446,193.7,51447
1447,56.8,51448
1448,63.15,51449
1449,125.45,51450
1450,65.55,51451
1451,116.3,51452
1452,205.55,51453
1453,97.3,51454
1454,53.85,51455
1455,58.2,51456
1456,264.0,51457
1457,52.05,51458
1458,52.7,51459
1459,56.4,51460
1460,94.7,51461
1461,47.75,51462
1462,71.95,51463
1463,50.1,51464
1464,106.25,51465
1465,246.65,51466
1466,69.5,51467
1467,47.6,51468
1468,75.2,51469
1469,165.0,51470
1470,82.75,51471
1471,44.5,51472
1472,48.0,51473
1473,74.6,51474
1474,110.75,51475
1475,194.6,51476
1476,117.7,51477
1477,45.55,51478
1478,56.6,51479
1479,79.0,51480
1480,80.05,51481
1481,49.65,51482
1482,81.75,51483
1483,72.2,51484
1484,119.5,51485
1485,57.35,51486
1486,44.15,51487
1487,76.35,51488
1488,67.1,51489
1489,74.35,51490
1490,131.15,51491
1491,284.15,51492
1492,61.2,51493
1493,115.15,51494
1494,142.4,51495
1495,123.7,51496
1496,94.35,51497
1497,191.55,51498
1498,45.8,51499
1499,161.2,51500
1500,50.25,51501
1501,222.75,51502
1502,182.0,51503
1503,49.95,51504
1504,114.25,51505
1505,57.1,51506
1506,373.35,51507
1507,134.1,51508
1508,102.6,51509
1509,106.3,51510
1510,99.65,51511
1511,63.1,51512
1512,99.65,51513
1513,73.9,51514
1514,120.65,51515
1515,106.45,51516
1516,58.9,51517
1517,54.65,51518
1518,57.55,51519
1519,73.0,51520
1520,82.95,51521
1521,106.05,51522
1522,62.85,51523
1523,41.7,51524
1524,54.75,51525
1525,83.95,51526
1526,98.95,51527
1527,69.8,51528
1528,99.85,51529
1529,78.8,51530
1530,66.4,51531
1531,118.2,51532
1532,316.75,51533
1533,109.6,51534
1534,60.9,51535
1535,55.0,51536
1536,62.0,51537
1537,53.6,51538
1538,72.05,51539
1539,92.25,51540
1540,68.35,51541
1541,165.05,51542
1542,105.2,51543
1543,187.1,51544
1544,47.95,51545
1545,112.0,51546
1546,89.05,51547
1547,57.6,51548
1548,57.65,51549
1549,98.7,51550
1550,51.15,51551
1551,241.65,51552
1552,104.8,51553
1553,361.3,51554
1554,42.6,51555
1555,279.55,51556
1556,95.65,51557
1557,101.15,51558
1558,65.55,51559
1559,81.2,51560
1560,52.7,51561
1561,106.8,51562
1562,108.45,51563
1563,62.4,51564
1564,125.2,51565
1565,125.9,51566
1566,162.8,51567
1567,60.95,51568
1568,40.75,51569
1569,76.1,51570
1570,64.6,51571
1571,53.65,51572
1572,56.65,51573
1573,93.3,51574
1574,279.5,51575
1575,67.2,51576
1576,84.7,51577
1577,175.45,51578
1578,197.0,51579
1579,60.85,51580
1580,45.7,51581
1581,43.6,51582
1582,84.05,51583
1583,88.8,51584
1584,51.1,51585
1585,37.25,51586
1586,59.9,51587
1587,47.05,51588
1588,251.95,51589
1589,51.65,51590
1590,128.7,51591
1591,61.05,51592
1592,92.9,51593
1593,44.8,51594
1594,58.65,51595
1595,43.2,51596
1596,49.45,51597
1597,138.3,51598
1598,105.8,51599
1599,31.95,51600
1600,65.5,51601
1601,69.15,51602
1602,53.85,51603
1603,111.75,51604
1604,111.35,51605
1605,79.95,51606
1606,223.9,51607
1607,41.3,51608
1608,46.4,51609
1609,57.2,51610
1610,421.1,51611
1611,89.95,51612
1612,112.0,51613
1613,132.3,51614
1614,59.0,51615
1615,62.5,51616
1616,120.25,51617
1617,118.15,51618
1618,60.1,51619
1619,109.15,51620
1620,51.05,51621
1621,59.1,51622
1622,56.4,51623
1623,69.75,51624
1624,80.85,51625
1625,98.35,51626
1626,74.5,51627
1627,60.25,51628
1628,68.35,51629
1629,53.85,51630
1630,59.75,51631
1631,102.4,51632
1632,43.95,51633
1633,242.8,51634
1634,76.25,51635
1635,87.5,51636
1636,60.65,51637
1637,198.25,51638
1638,66.15,51639
1639,75.95,51640
1640,55.95,51641
1641,40.0,51642
1642,116.3,51643
1643,64.85,51644
1644,45.2,51645
1645,53.45,51646
1646,68.4,51647
1647,54.95,51648
1648,60.0,51649
1649,53.65,51650
1650,62.3,51651
1651,35.0,51652
1652,57.5,51653
1653,81.9,51654
1654,106.75,51655
1655,141.1,51656
1656,130.25,51657
1657,66.95,51658
1658,60.1,51659
1659,101.45,51660
1660,58.0,51661
1661,59.8,51662
1662,71.35,51663
1663,58.35,51664
1664,107.6,51665
1665,52.55,51666
1666,245.0,51667
1667,102.2,51668
1668,69.4,51669
1669,43.25,51670
1670,58.55,51671
1671,58.5,51672
1672,211.15,51673
1673,322.4,51674
1674,75.2,51675
1675,137.85,51676
1676,92.6,51677
1677,76.3,51678
1678,82.15,51679
1679,61.4,51680
1680,46.85,51681
1681,66.1,51682
1682,116.8,51683
1683,63.3,51684
1684,57.9,51685
1685,105.05,51686
1686,69.5,51687
1687,84.35,51688
1688,70.5,51689
1689,304.45,51690
1690,123.25,51691
1691,56.35,51692
1692,49.2,51693
1693,80.3,51694
1694,166.4,51695
1695,38.25,51696
1696,52.15,51697
1697,44.85,51698
1698,80.4,51699
1699,78.15,51700
1700,465.5,51701
1701,54.8,51702
1702,59.0,51703
1703,63.65,51704
1704,56.25,51705
1705,271.7,51706
1706,54.6,51707
1707,63.5,51708
1708,61.55,51709
1709,110.35,51710
1710,119.1,51711
1711,117.1,51712
1712,78.85,51713
1713,42.5,51714
1714,210.5,51715
1715,144.95,51716
1716,154.05,51717
1717,44.15,51718
1718,59.6,51719
1719,327.3,51720
1720,400.25,51721
1721,88.5,51722
1722,151.4,51723
1723,53.65,51724
1724,206.65,51725
1725,100.3,51726
1726,49.85,51727
1727,57.55,51728
1728,361.5,51729
1729,94.95,51730
1730,64.8,51731
1731,157.4,51732
1732,45.3,51733
1733,82.35,51734
1734,72.75,51735
1735,66.5,51736
1736,65.65,51737
1737,116.7,51738
1738,559.45,51739
1739,54.35,51740
1740,70.1,51741
1741,111.05,51742
1742,99.15,51743
1743,45.45,51744
1744,55.7,51745
1745,54.15,51746
1746,57.15,51747
1747,66.2,51748
1748,125.8,51749
1749,44.55,51750
1750,259.8,51751
1751,129.2,51752
1752,114.0,51753
1753,113.45,51754
1754,171.75,51755
1755,96.1,51756
1756,161.3,51757
1757,55.4,51758
1758,255.95,51759
1759,73.1,51760
1760,157.35,51761
1761,111.55,51762
1762,86.7,51763
1763,105.05,51764
1764,74.45,51765
1765,57.25,51766
1766,65.9,51767
1767,98.85,51768
1768,56.6,51769
1769,76.7,51770
1770,62.35,51771
1771,85.3,51772
1772,200.9,51773
1773,71.5,51774
1774,67.4,51775
1775,65.35,51776
1776,88.0,51777
1777,110.4,51778
1778,81.6,51779
1779,53.6,51780
1780,55.5,51781
1781,70.75,51782
1782,70.25,51783
1783,154.4,51784
1784,114.25,51785
1785,119.5,51786
1786,51.75,51787
1787,92.65,51788
1788,101.5,51789
1789,125.65,51790
1790,43.7,51791
1791,47.1,51792
1792,346.7,51793
1793,48.05,51794
1794,115.75,51795
1795,65.5,51796
1796,96.95,51797
1797,223.85,51798
1798,118.45,51799
1799,83.7,51800
1800,336.1,51801
1801,54.15,51802
1802,57.1,51803
1803,93.25,51804
1804,83.85,51805
1805,70.15,51806
1806,60.35,51807
1807,105.75,51808
1808,60.95,51809
1809,97.3,51810
1810,138.25,51811
1811,149.0,51812
1812,232.2,51813
1813,443.15,51814
1814,75.95,51815
1815,57.5,51816
1816,79.6,51817
1817,59.65,51818
1818,126.7,51819
1819,56.55,51820
1820,56.85,51821
1821,56.5,51822
1822,57.8,51823
1823,46.55,51824
1824,93.25,51825
1825,189.8,51826
1826,77.8,51827
1827,49.3,51828
1828,57.0,51829
1829,142.05,51830
1830,87.75,51831
1831,76.15,51832
1832,166.5,51833
1833,129.05,51834
1834,49.6,51835
1835,51.25,51836
1836,71.75,51837
1837,64.35,51838
1838,64.55,51839
1839,76.45,51840
1840,83.95,51841
1841,138.65,51842
1842,90.4,51843
1843,110.85,51844
1844,114.25,51845
1845,66.55,51846
1846,84.8,51847
1847,129.35,51848
1848,59.5,51849
1849,180.85,51850
1850,63.4,51851
1851,81.75,51852
1852,125.0,51853
1853,73.75,51854
1854,289.55,51855
1855,73.6,51856
1856,274.1,51857
1857,126.3,51858
1858,72.15,51859
1859,45.55,51860
1860,86.2,51861
1861,225.15,51862
1862,309.2,51863
1863,60.8,51864
1864,76.8,51865
1865,57.9,51866
1866,50.1,51867
1867,103.0,51868
1868,60.75,51869
1869,65.05,51870
1870,88.5,51871
1871,58.55,51872
1872,74.9,51873
1873,60.2,51874
1874,115.2,51875
1875,102.7,51876
1876,65.05,51877
1877,58.55,51878
1878,70.2,51879
1879,101.6,51880
1880,62.35,51881
1881,86.25,51882
1882,114.7,51883
1883,84.4,51884
1884,52.2,51885
1885,52.45,51886
1886,112.9,51887
1887,72.1,51888
1888,62.2,51889
1889,66.65,51890
1890,62.35,51891
1891,58.3,51892
1892,219.35,51893
1893,112.8,51894
1894,63.45,51895
1895,94.5,51896
1896,92.55,51897
1897,92.75,51898
1898,338.2,51899
1899,70.4,51900
1900,82.6,51901
1901,57.4,51902
1902,61.75,51903
1903,47.15,51904
1904,84.55,51905
1905,218.85,51906
1906,105.7,51907
1907,99.5,51908
1908,73.65,51909
1909,49.05,51910
1910,128.4,51911
1911,59.1,51912
1912,247.85,51913
1913,189.5,51914
1914,102.2,51915
1915,106.05,51916
1916,96.45,51917
1917,49.15,51918
1918,58.2,51919
1919,37.6,51920
1920,149.35,51921
1921,62.1,51922
1922,209.15,51923
1923,57.25,51924
1924,156.3,51925
1925,238.6,51926
1926,84.0,51927
1927,94.2,51928
1928,86.75,51929
1929,204.15,51930
1930,120.45,51931
1931,137.3,51932
1932,54.3,51933
1933,267.05,51934
1934,44.6,51935
1935,63.75,51936
1936,61.75,51937
1937,186.5,51938
1938,85.8,51939
1939,125.0,51940
1940,90.45,51941
1941,254.35,51942
1942,54.3,51943
1943,63.05,51944
1944,192.0,51945
1945,116.7,51946
1946,268.15,51947
1947,119.8,51948
1948,42.2,51949
1949,97.05,51950
1950,73.35,51951
1951,68.85,51952
1952,76.1,51953
1953,57.9,51954
1954,55.9,51955
1955,230.3,51956
1956,111.65,51957
1957,72.0,51958
1958,74.15,51959
1959,60.8,51960
1960,57.9,51961
1961,58.6,51962
1962,73.8,51963
1963,61.7,51964
1964,42.3,51965
1965,109.55,51966
1966,57.0,51967
1967,76.75,51968
1968,62.35,51969
1969,62.45,51970
1970,61.65,51971
1971,211.25,51972
1972,210.2,51973
1973,204.9,51974
1974,59.9,51975
1975,153.35,51976
1976,332.3,51977
1977,68.0,51978
1978,58.8,51979
1979,89.4,51980
1980,50.0,51981
1981,76.2,51982
1982,75.1,51983
1983,232.0,51984
1984,76.6,51985
1985,355.3,51986
1986,118.4,51987
1987,125.75,51988
1988,105.95,51989
1989,56.05,51990
1990,54.6,51991
1991,50.5,51992
1992,64.35,51993
1993,171.95,51994
1994,38.6,51995
1995,74.95,51996
1996,48.05,51997
1997,65.3,51998
1998,56.3,51999
1999,80.2,52000
2000,67.65,52001
2001,53.9,52002
2002,50.7,52003
2003,109.95,52004
2004,49.9,52005
2005,174.8,52006
2006,55.5,52007
2007,77.5,52008
2008,104.7,52009
2009,305.5,52010
2010,62.45,52011
2011,63.4,52012
2012,51.95,52013
2013,54.1,52014
2014,152.3,52015
2015,111.0,52016
2016,136.65,52017
2017,68.15,52018
2018,97.6,52019
2019,108.3,52020
2020,66.0,52021
2021,86.2,52022
2022,65.15,52023
2023,193.95,52024
2024,81.7,52025
2025,244.0,52026
2026,65.55,52027
2027,153.7,52028
2028,114.15,52029
2029,64.2,52030
2030,116.0,52031
2031,55.5,52032
2032,64.75,52033
2033,46.3,52034
2034,79.65,52035
2035,57.25,52036
2036,66.8,52037
2037,86.55,52038
2038,80.2,52039
2039,120.15,52040
2040,61.85,52041
2041,54.75,52042
2042,177.05,52043
2043,221.95,52044
2044,110.2,52045
2045,56.4,52046
2046,112.2,52047
2047,95.3,52048
2048,54.75,52049
2049,67.6,52050
2050,218.9,52051
2051,62.65,52052
2052,296.75,52053
2053,64.4,52054
2054,72.15,52055
2055,55.6,52056
2056,79.0,52057
2057,134.3,52058
2058,107.3,52059
2059,72.7,52060
2060,119.8,52061
2061,52.4,52062
2062,331.45,52063
2063,124.3,52064
2064,48.3,52065
2065,95.1,52066
2066,118.75,52067
2067,338.45,52068
2068,51.3,52069
2069,51.5,52070
2070,357.65,52071
2071,174.95,52072
2072,43.1,52073
2073,122.05,52074
2074,64.75,52075
2075,77.65,52076
2076,47.45,52077
2077,46.9,52078
2078,64.45,52079
2079,120.9,52080
2080,55.7,52081
2081,225.9,52082
2082,69.0,52083
2083,65.4,52084
2084,62.4,52085
2085,114.05,52086
2086,92.95,52087
2087,105.5,52088
2088,54.6,52089
2089,64.15,52090
2090,163.2,52091
2091,112.35,52092
2092,45.3,52093
2093,68.05,52094
2094,54.0,52095
2095,57.65,52096
2096,90.4,52097
2097,67.9,52098
2098,57.05,52099
2099,64.85,52100
2100,67.35,52101
2101,58.7,52102
2102,105.7,52103
2103,53.2,52104
2104,62.45,52105
2105,100.65,52106
2106,85.95,52107
2107,62.5,52108
2108,166.2,52109
2109,46.85,52110
2110,207.45,52111
2111,47.45,52112
2112,130.75,52113
2113,104.75,52114
2114,112.1,52115
2115,77.55,52116
2116,66.2,52117
2117,93.5,52118
2118,60.2,52119
2119,133.15,52120
2120,238.7,52121
2121,120.45,52122
2122,59.05,52123
2123,61.75,52124
2124,299.5,52125
2125,54.25,52126
2126,61.7,52127
2127,49.45,52128
2128,121.6,52129
2129,75.2,52130
2130,161.8,52131
2131,381.9,52132
2132,58.95,52133
2133,127.75,52134
2134,90.3,52135
2135,60.0,52136
2136,57.35,52137
2137,102.55,52138
2138,101.9,52139
2139,84.35,52140
2140,114.55,52141
2141,173.5,52142
2142,116.5,52143
2143,267.65,52144
2144,98.0,52145
2145,53.0,52146
2146,248.65,52147
2147,68.65,52148
2148,101.2,52149
2149,301.7,52150
2150,61.55,52151
2151,139.5,52152
2152,98.85,52153
2153,185.8,52154
2154,261.0,52155
2155,72.25,52156
2156,112.1,52157
2157,119.25,52158
2158,49.15,52159
2159,48.1,52160
2160,71.05,52161
2161,53.4,52162
2162,66.15,52163
2163,42.35,52164
2164,69.4,52165
2165,55.85,52166
2166,142.0,52167
2167,107.6,52168
2168,56.85,52169
2169,39.65,52170
2170,173.65,52171
2171,69.85,52172
2172,234.1,52173
2173,78.6,52174
2174,43.6,52175
2175,55.2,52176
2176,42.6,52177
2177,71.35,52178
2178,211.35,52179
2179,67.55,52180
2180,60.35,52181
2181,56.35,52182
2182,60.8,52183
2183,56.7,52184
2184,48.3,52185
2185,58.8,52186
2186,79.9,52187
2187,100.25,52188
2188,95.55,52189
2189,84.2,52190
2190,100.2,52191
2191,141.85,52192
2192,45.65,52193
2193,43.95,52194
2194,55.15,52195
2195,52.45,52196
2196,58.45,52197
2197,134.2,52198
2198,47.65,52199
2199,56.1,52200
2200,41.35,52201
2201,100.0,52202
2202,107.3,52203
2203,62.85,52204
2204,65.5,52205
2205,134.55,52206
2206,94.55,52207
2207,113.7,52208
2208,59.35,52209
2209,169.8,52210
2210,58.15,52211
2211,47.75,52212
2212,92.8,52213
2213,70.5,52214
2214,68.7,52215
2215,59.5,52216
2216,223.45,52217
2217,74.15,52218
2218,87.2,52219
2219,47.6,52220
2220,55.05,52221
2221,156.55,52222
2222,112.45,52223
2223,200.8,52224
2224,50.95,52225
2225,171.8,52226
2226,57.35,52227
2227,58.7,52228
2228,99.0,52229
2229,45.85,52230
2230,118.95,52231
2231,54.35,52232
2232,69.7,52233
2233,75.3,52234
2234,83.4,52235
2235,128.1,52236
2236,64.85,52237
2237,63.25,52238
2238,52.05,52239
2239,53.15,52240
2240,60.7,52241
2241,84.65,52242
2242,70.3,52243
2243,76.75,52244
2244,139.45,52245
2245,62.4,52246
2246,93.55,52247
2247,173.15,52248
2248,38.55,52249
2249,197.35,52250
2250,51.2,52251
2251,58.45,52252
2252,99.2,52253
2253,59.05,52254
2254,61.85,52255
2255,331.35,52256
2256,72.3,52257
2257,74.65,52258
2258,51.25,52259
2259,64.6,52260
2260,51.85,52261
2261,58.15,52262
2262,198.5,52263
2263,128.35,52264
2264,62.25,52265
2265,64.45,52266
2266,79.6,52267
2267,59.6,52268
2268,121.4,52269
2269,88.35,52270
2270,72.6,52271
2271,76.15,52272
2272,181.5,52273
2273,43.5,52274
2274,111.65,52275
2275,101.75,52276
2276,80.6,52277
2277,87.4,52278
2278,62.3,52279
2279,47.1,52280
2280,51.1,52281
2281,74.1,52282
2282,206.2,52283
2283,82.8,52284
2284,155.0,52285
2285,137.0,52286
2286,54.25,52287
2287,96.95,52288
2288,64.6,52289
2289,47.15,52290
2290,72.0,52291
2291,86.85,52292
2292,279.1,52293
2293,115.3,52294
2294,57.9,52295
2295,75.5,52296
2296,47.75,52297
2297,108.75,52298
2298,56.2,52299
2299,197.4,52300
2300,274.75,52301
2301,56.35,52302
2302,82.2,52303
2303,206.95,52304
2304,123.75,52305
2305,65.8,52306
2306,252.8,52307
2307,43.75,52308
2308,68.15,52309
2309,62.0,52310
2310,112.2,52311
2311,43.35,52312
2312,100.7,52313
2313,57.9,52314
2314,60.15,52315
2315,107.35,52316
2316,125.55,52317
2317,54.85,52318
2318,53.3,52319
2319,56.05,52320
2320,60.9,52321
2321,192.45,52322
2322,73.0,52323
2323,60.05,52324
2324,309.4,52325
2325,48.3,52326
2326,59.65,52327
2327,70.2,52328
2328,81.7,52329
2329,69.25,52330
2330,318.45,52331
2331,56.05,52332
2332,54.1,52333
2333,139.2,52334
2334,110.85,52335
2335,73.0,52336
2336,39.5,52337
2337,109.5,52338
2338,317.7,52339
2339,58.95,52340
2340,106.95,52341
2341,77.05,52342
2342,59.25,52343
2343,125.8,52344
2344,59.8,52345
2345,108.85,52346
2346,158.35,52347
2347,174.1,52348
2348,89.45,52349
2349,169.9,52350
2350,44.05,52351
2351,62.8,52352
2352,57.2,52353
2353,63.8,52354
2354,108.0,52355
2355,44.95,52356
2356,90.9,52357
2357,170.05,52358
2358,64.65,52359
2359,77.05,52360
2360,53.9,52361
2361,131.55,52362
2362,91.75,52363
2363,314.2,52364
2364,64.15,52365
2365,64.6,52366
2366,65.0,52367
2367,119.25,52368
2368,71.8,52369
2369,127.15,52370
2370,54.5,52371
2371,68.75,52372
2372,100.8,52373
2373,61.55,52374
2374,86.2,52375
2375,45.7,52376
2376,144.5,52377
2377,78.3,52378
2378,142.15,52379
2379,46.35,52380
2380,62.35,52381
2381,81.55,52382
2382,172.75,52383
2383,84.0,52384
2384,212.25,52385
2385,147.0,52386
2386,138.4,52387
2387,187.7,52388
2388,57.3,52389
2389,233.4,52390
2390,126.65,52391
2391,181.0,52392
2392,150.55,52393
2393,223.8,52394
2394,101.2,52395
2395,66.85,52396
2396,51.9,52397
2397,45.85,52398
2398,63.75,52399
2399,40.85,52400
2400,88.45,52401
2401,53.7,52402
2402,62.35,52403
2403,133.1,52404
2404,117.45,52405
2405,117.05,52406
2406,68.5,52407
2407,55.55,52408
2408,63.0,52409
2409,49.15,52410
2410,57.3,52411
2411,126.8,52412
2412,84.9,52413
2413,68.45,52414
2414,93.95,52415
2415,168.25,52416
2416,117.2,52417
2417,102.7,52418
2418,116.15,52419
2419,83.85,52420
2420,69.8,52421
2421,64.55,52422
2422,288.8,52423
2423,57.65,52424
2424,117.3,52425
2425,85.6,52426
2426,119.3,52427
2427,52.85,52428
2428,58.75,52429
2429,52.55,52430
2430,63.3,52431
2431,234.9,52432
2432,58.95,52433
2433,78.7,52434
2434,111.75,52435
2435,156.85,52436
2436,58.65,52437
2437,55.95,52438
2438,58.45,52439
2439,255.35,52440
2440,66.75,52441
2441,74.0,52442
2442,88.85,52443
2443,234.0,52444
2444,82.35,52445
2445,59.9,52446
2446,192.35,52447
2447,66.35,52448
2448,99.95,52449
2449,62.35,52450
2450,64.7,52451
2451,173.45,52452
2452,61.95,52453
2453,299.75,52454
2454,106.3,52455
2455,66.8,52456
2456,73.25,52457
2457,65.2,52458
2458,86.4,52459
2459,67.5,52460
2460,86.45,52461
2461,106.25,52462
2462,54.5,52463
2463,52.6,52464
2464,173.4,52465
2465,93.55,52466
2466,55.05,52467
2467,35.2,52468
2468,83.35,52469
2469,60.85,52470
2470,46.85,52471
2471,53.65,52472
2472,252.85,52473
2473,94.1,52474
2474,59.4,52475
2475,66.95,52476
2476,42.95,52477
2477,59.55,52478
2478,62.55,52479
2479,223.55,52480
2480,149.9,52481
2481,68.8,52482
2482,60.35,52483
2483,50.5,52484
2484,50.15,52485
2485,44.75,52486
2486,74.8,52487
2487,48.1,52488
2488,160.05,52489
2489,118.55,52490
2490,49.95,52491
2491,148.45,52492
2492,97.75,52493
2493,61.85,52494
2494,52.3,52495
2495,60.2,52496
2496,65.6,52497
2497,58.45,52498
2498,58.65,52499
2499,112.85,52500
2500,47.15,52501
2501,61.2,52502
2502,115.8,52503
2503,91.55,52504
2504,95.85,52505
2505,69.15,52506
2506,93.6,52507
2507,274.55,52508
2508,43.65,52509
2509,56.1,52510
2510,49.9,52511
2511,150.55,52512
2512,49.05,52513
2513,56.7,52514
2514,98.35,52515
2515,103.3,52516
2516,97.75,52517
2517,214.5,52518
2518,97.15,52519
2519,52.85,52520
2520,79.65,52521
2521,55.2,52522
2522,48.75,52523
2523,204.7,52524
2524,91.6,52525
2525,90.05,52526
2526,242.2,52527
2527,143.4,52528
2528,194.6,52529
2529,124.35,52530
2530,127.7,52531
2531,50.25,52532
2532,59.4,52533
2533,60.35,52534
2534,67.3,52535
2535,106.75,52536
2536,95.65,52537
2537,122.85,52538
2538,57.65,52539
2539,170.55,52540
2540,52.85,52541
2541,64.75,52542
2542,51.45,52543
2543,56.55,52544
2544,76.35,52545
2545,55.65,52546
2546,56.7,52547
2547,39.75,52548
2548,81.55,52549
2549,59.45,52550
2550,67.85,52551
2551,82.7,52552
2552,140.75,52553
2553,54.45,52554
2554,59.9,52555
2555,68.8,52556
2556,111.05,52557
2557,127.6,52558
2558,125.05,52559
2559,66.15,52560
2560,54.3,52561
2561,43.95,52562
2562,84.15,52563
2563,55.5,52564
2564,65.7,52565
2565,237.2,52566
2566,95.85,52567
2567,310.25,52568
2568,54.8,52569
2569,121.6,52570
2570,51.2,52571
2571,78.45,52572
2572,366.4,52573
2573,80.9,52574
2574,45.85,52575
2575,57.15,52576
2576,119.85,52577
2577,44.9,52578
2578,93.1,52579
2579,218.55,52580
2580,69.65,52581
2581,41.5,52582
2582,80.25,52583
2583,60.35,52584
2584,56.85,52585
2585,56.7,52586
2586,84.65,52587
2587,66.35,52588
2588,69.3,52589
2589,108.15,52590
2590,207.95,52591
2591,55.55,52592
2592,80.35,52593
2593,114.45,52594
2594,83.75,52595
2595,61.95,52596
2596,62.5,52597
2597,64.25,52598
2598,131.7,52599
2599,149.45,52600
2600,66.4,52601
2601,119.05,52602
2602,59.1,52603
2603,69.85,52604
2604,105.6,52605
2605,90.35,52606
2606,70.2,52607
2607,65.25,52608
2608,115.7,52609
2609,104.75,52610
2610,190.05,52611
2611,159.05,52612
2612,50.05,52613
2613,88.45,52614
2614,68.25,52615
2615,69.75,52616
2616,433.15,52617
2617,321.1,52618
2618,354.5,52619
2619,202.3,52620
2620,437.1,52621
2621,41.65,52622
2622,55.3,52623
2623,302.75,52624
2624,47.35,52625
2625,88.15,52626
2626,55.35,52627
2627,98.6,52628
2628,71.05,52629
2629,146.95,52630
2630,110.35,52631
2631,44.2,52632
2632,85.8,52633
2633,81.35,52634
2634,236.8,52635
2635,102.2,52636
2636,134.15,52637
2637,82.5,52638
2638,54.4,52639
2639,81.2,52640
2640,70.8,52641
2641,57.25,52642
2642,320.75,52643
2643,109.55,52644
2644,91.2,52645
2645,68.6,52646
2646,83.95,52647
2647,143.9,52648
2648,95.3,52649
2649,106.9,52650
2650,66.65,52651
2651,149.75,52652
2652,47.15,52653
2653,69.45,52654
2654,108.25,52655
2655,59.95,52656
2656,91.0,52657
2657,52.45,52658
2658,61.8,52659
2659,171.45,52660
2660,76.85,52661
2661,256.75,52662
2662,101.45,52663
2663,62.6,52664
2664,57.9,52665
2665,198.1,52666
2666,84.7,52667
2667,234.95,52668
2668,107.85,52669
2669,47.8,52670
2670,73.9,52671
2671,69.05,52672
2672,61.7,52673
2673,69.65,52674
2674,97.75,52675
2675,57.95,52676
2676,235.15,52677
2677,160.6,52678
2678,142.7,52679
2679,53.45,52680
2680,73.2,52681
2681,68.65,52682
2682,114.45,52683
2683,72.75,52684
2684,103.55,52685
2685,43.2,52686
2686,151.35,52687
2687,61.4,52688
2688,56.75,52689
2689,230.55,52690
2690,106.9,52691
2691,85.25,52692
2692,62.15,52693
2693,67.7,52694
2694,119.0,52695
2695,57.75,52696
2696,48.9,52697
2697,55.7,52698
2698,93.7,52699
2699,92.4,52700
2700,60.65,52701
2701,54.2,52702
2702,53.95,52703
2703,86.15,52704
2704,304.45,52705
2705,94.5,52706
2706,334.35,52707
2707,50.85,52708
2708,36.05,52709
2709,46.1,52710
2710,239.15,52711
2711,50.7,52712
2712,126.25,52713
2713,126.7,52714
2714,73.85,52715
2715,149.0,52716
2716,55.0,52717
2717,67.15,52718
2718,256.6,52719
2719,55.0,52720
2720,66.1,52721
2721,131.2,52722
2722,39.1,52723
2723,109.85,52724
2724,74.05,52725
2725,56.4,52726
2726,158.55,52727
2727,78.35,52728
2728,45.5,52729
2729,43.9,52730
2730,117.0,52731
2731,98.25,52732
2732,80.65,52733
2733,67.65,52734
2734,248.4,52735
2735,121.2,52736
2736,124.75,52737
2737,60.7,52738
2738,60.9,52739
2739,61.95,52740
2740,50.05,52741
2741,60.1,52742
2742,85.95,52743
2743,91.6,52744
2744,49.9,52745
2745,100.9,52746
2746,105.35,52747
2747,43.45,52748
2748,69.8,52749
2749,51.55,52750
2750,139.15,52751
2751,99.1,52752
2752,44.0,52753
2753,63.3,52754
2754,51.7,52755
2755,121.65,52756
2756,77.8,52757
2757,158.25,52758
2758,223.45,52759
2759,103.05,52760
2760,61.6,52761
2761,68.95,52762
2762,59.2,52763
2763,250.6,52764
2764,93.35,52765
2765,122.65,52766
2766,36.1,52767
2767,61.65,52768
2768,170.25,52769
2769,113.55,52770
2770,58.95,52771
2771,63.65,52772
2772,66.1,52773
2773,56.7,52774
2774,48.65,52775
2775,81.65,52776
2776,260.9,52777
2777,67.2,52778
2778,61.35,52779
2779,66.6,52780
2780,64.45,52781
2781,160.2,52782
2782,73.65,52783
2783,59.75,52784
2784,198.3,52785
2785,76.95,52786
2786,60.6,52787
2787,111.05,52788
2788,74.15,52789
2789,251.4,52790
2790,52.25,52791
2791,42.5,52792
2792,207.15,52793
2793,133.8,52794
2794,63.95,52795
2795,91.7,52796
2796,57.8,52797
2797,170.85,52798
2798,126.7,52799
2799,51.65,52800
2800,163.0,52801
2801,418.05,52802
2802,43.7,52803
2803,99.85,52804
2804,84.3,52805
2805,134.75,52806
2806,78.2,52807
2807,60.5,52808
2808,163.75,52809
2809,62.35,52810
2810,71.55,52811
2811,94.65,52812
2812,49.7,52813
2813,192.6,52814
2814,158.9,52815
2815,334.8,52816
2816,137.5,52817
2817,75.3,52818
2818,301.05,52819
2819,57.3,52820
2820,113.85,52821
2821,74.8,52822
2822,42.55,52823
2823,55.1,52824
2824,51.95,52825
2825,60.65,52826
2826,55.15,52827
2827,53.9,52828
2828,66.5,52829
2829,51.35,52830
2830,88.4,52831
2831,118.15,52832
2832,208.05,52833
2833,106.45,52834
2834,58.15,52835
2835,48.55,52836
2836,74.5,52837
2837,57.25,52838
2838,100.05,52839
2839,58.8,52840
2840,236.15,52841
2841,65.75,52842
2842,57.35,52843
2843,66.1,52844
2844,90.0,52845
2845,57.65,52846
2846,49.55,52847
2847,45.05,52848
2848,54.75,52849
2849,97.5,52850
2850,62.55,52851
2851,55.9,52852
2852,80.8,52853
2853,55.65,52854
2854,52.1,52855
2855,130.95,52856
2856,324.5,52857
2857,143.15,52858
2858,166.6,52859
2859,77.3,52860
2860,53.8,52861
2861,48.8,52862
2862,74.0,52863
2863,76.5,52864
2864,254.2,52865
2865,97.95,52866
2866,68.75,52867
2867,58.5,52868
2868,57.6,52869
2869,124.9,52870
2870,211.05,52871
2871,229.6,52872
2872,100.8,52873
2873,57.9,52874
2874,58.85,52875
2875,295.9,52876
2876,59.5,52877
2877,81.1,52878
2878,83.7,52879
2879,50.25,52880
2880,64.6,52881
2881,97.85,52882
2882,87.9,52883
2883,107.4,52884
2884,70.6,52885
2885,74.65,52886
2886,61.75,52887
2887,106.95,52888
2888,66.25,52889
2889,77.0,52890
2890,60.15,52891
2891,75.55,52892
2892,93.35,52893
2893,47.7,52894
2894,39.2,52895
2895,55.5,52896
2896,45.55,52897
2897,61.7,52898
2898,57.7,52899
2899,135.7,52900
2900,90.15,52901
2901,101.65,52902
2902,73.05,52903
2903,67.95,52904
2904,41.05,52905
2905,77.85,52906
2906,61.2,52907
2907,45.9,52908
2908,256.15,52909
2909,53.1,52910
2910,53.1,52911
2911,134.0,52912
2912,70.45,52913
2913,174.35,52914
2914,45.75,52915
2915,73.35,52916
2916,273.7,52917
2917,77.55,52918
2918,125.25,52919
2919,236.7,52920
2920,41.75,52921
2921,131.8,52922
2922,65.6,52923
2923,80.8,52924
2924,82.45,52925
2925,56.3,52926
2926,69.6,52927
2927,245.2,52928
2928,73.1,52929
2929,69.45,52930
2930,68.0,52931
2931,73.25,52932
2932,60.65,52933
2933,130.25,52934
2934,185.55,52935
2935,74.95,52936
2936,120.6,52937
2937,189.85,52938
2938,56.8,52939
2939,53.3,52940
2940,172.3,52941
2941,167.3,52942
2942,80.15,52943
2943,47.35,52944
2944,48.3,52945
2945,57.95,52946
2946,44.05,52947
2947,47.1,52948
2948,124.25,52949
2949,49.3,52950
2950,62.05,52951
2951,29.25,52952
2952,56.9,52953
2953,105.2,52954
2954,48.2,52955
2955,45.7,52956
2956,105.65,52957
2957,80.25,52958
2958,151.5,52959
2959,35.3,52960
2960,120.15,52961
2961,69.9,52962
2962,47.35,52963
2963,115.1,52964
2964,72.05,52965
2965,323.05,52966
2966,62.8,52967
2967,278.8,52968
2968,54.8,52969
2969,62.5,52970
2970,54.75,52971
2971,90.5,52972
2972,255.1,52973
2973,222.3,52974
2974,304.1,52975
2975,54.3,52976
2976,84.7,52977
2977,184.2,52978
2978,56.7,52979
2979,93.9,52980
2980,61.5,52981
2981,290.4,52982
2982,88.15,52983
2983,59.15,52984
2984,65.85,52985
2985,49.0,52986
2986,121.15,52987
2987,265.9,52988
2988,70.9,52989
2989,39.7,52990
2990,64.6,52991
2991,52.3,52992
2992,295.95,52993
2993,54.9,52994
2994,65.6,52995
2995,70.45,52996
2996,77.55,52997
2997,174.85,52998
2998,75.0,52999
2999,64.8,53000
3000,108.95,53001
3001,135.8,53002
3002,183.45,53003
3003,238.35,53004
3004,70.7,53005
3005,66.85,53006
3006,45.4,53007
3007,57.9,53008
3008,59.05,53009
3009,65.25,53010
3010,114.3,53011
3011,46.85,53012
3012,111.6,53013
3013,329.4,53014
3014,54.3,53015
3015,295.7,53016
3016,76.9,53017
3017,31.15,53018
3018,243.3,53019
3019,119.1,53020
3020,87.0,53021
3021,240.0,53022
3022,82.55,53023
3023,43.25,53024
3024,89.15,53025
3025,46.4,53026
3026,88.85,53027
3027,112.55,53028
3028,64.05,53029
3029,44.05,53030
3030,99.0,53031
3031,46.4,53032
3032,55.85,53033
3033,295.05,53034
3034,83.4,53035
3035,40.85,53036
3036,84.95,53037
3037,61.4,53038
3038,108.6,53039
3039,61.3,53040
3040,237.5,53041
3041,116.8,53042
3042,126.0,53043
3043,61.55,53044
3044,259.4,53045
3045,50.4,53046
3046,174.35,53047
3047,66.7,53048
3048,56.95,53049
3049,118.0,53050
3050,47.6,53051
3051,117.7,53052
3052,87.4,53053
3053,115.85,53054
3054,60.15,53055
3055,92.7,53056
3056,81.15,53057
3057,391.9,53058
3058,78.05,53059
3059,262.8,53060
3060,64.45,53061
3061,106.6,53062
3062,63.3,53063
3063,131.75,53064
3064,58.3,53065
3065,262.5,53066
3066,298.7,53067
3067,209.95,53068
3068,67.1,53069
3069,82.45,53070
3070,72.8,53071
3071,162.4,53072
3072,90.95,53073
3073,63.45,53074
3074,58.8,53075
3075,107.2,53076
3076,45.05,53077
3077,62.1,53078
3078,133.7,53079
3079,84.45,53080
3080,64.6,53081
3081,129.25,53082
3082,55.8,53083
3083,78.8,53084
3084,262.25,53085
3085,47.4,53086
3086,72.3,53087
3087,81.95,53088
3088,79.3,53089
3089,52.8,53090
3090,54.1,53091
3091,85.35,53092
3092,145.1,53093
3093,67.75,53094
3094,60.6,53095
3095,105.4,53096
3096,145.15,53097
3097,226.35,53098
3098,101.75,53099
3099,75.5,53100
3100,64.15,53101
3101,75.45,53102
3102,251.8,53103
3103,47.15,53104
3104,56.4,53105
3105,63.55,53106
3106,71.8,53107
3107,65.4,53108
3108,76.1,53109
3109,227.55,53110
3110,233.1,53111
3111,151.8,53112
3112,101.2,53113
3113,527.35,53114
3114,88.7,53115
3115,67.85,53116
3116,57.75,53117
3117,49.8,53118
3118,188.5,53119
3119,104.3,53120
3120,86.15,53121
3121,84.35,53122
3122,285.35,53123
3123,69.05,53124
3124,87.95,53125
3125,59.55,53126
3126,71.25,53127
3127,81.55,53128
3128,65.7,53129
3129,57.3,53130
3130,59.95,53131
3131,67.25,53132
3132,85.0,53133
3133,73.1,53134
3134,116.05,53135
3135,56.1,53136
3136,66.55,53137
3137,58.45,53138
3138,57.9,53139
3139,93.75,53140
3140,91.0,53141
3141,147.1,53142
3142,38.95,53143
3143,67.5,53144
3144,187.9,53145
3145,59.25,53146
3146,144.45,53147
3147,107.05,53148
3148,128.7,53149
3149,57.6,53150
3150,216.25,53151
3151,72.9,53152
3152,61.7,53153
3153,107.55,53154
3154,128.3,53155
3155,48.6,53156
3156,67.0,53157
3157,67.15,53158
3158,52.85,53159
3159,282.65,53160
3160,207.4,53161
3161,50.75,53162
3162,110.2,53163
3163,102.45,53164
3164,66.1,53165
3165,58.1,53166
3166,87.65,53167
3167,318.05,53168
3168,128.85,53169
3169,60.0,53170
3170,64.6,53171
3171,130.4,53172
3172,61.2,53173
3173,61.15,53174
3174,248.6,53175
3175,54.25,53176
3176,82.8,53177
3177,73.0,53178
3178,123.0,53179
3179,100.0,53180
3180,195.25,53181
3181,56.35,53182
3182,52.95,53183
3183,62.75,53184
3184,61.9,53185
3185,80.65,53186
3186,60.05,53187
3187,337.85,53188
3188,37.0,53189
3189,45.1,53190
3190,54.8,53191
3191,56.95,53192
3192,261.6,53193
3193,140.15,53194
3194,54.0,53195
3195,93.9,53196
3196,42.15,53197
3197,60.2,53198
3198,114.05,53199
3199,59.1,53200
3200,122.45,53201
3201,111.6,53202
3202,63.0,53203
3203,72.6,53204
3204,70.15,53205
3205,87.65,53206
3206,143.9,53207
3207,51.25,53208
3208,52.55,53209
3209,106.45,53210
3210,121.45,53211
3211,98.45,53212
3212,96.15,53213
3213,89.5,53214
3214,64.9,53215
3215,47.35,53216
3216,64.85,53217
3217,41.9,53218
3218,127.65,53219
3219,70.0,53220
3220,78.3,53221
3221,78.3,53222
3222,94.75,53223
3223,85.65,53224
3224,337.85,53225
3225,117.95,53226
3226,57.3,53227
3227,71.1,53228
3228,51.0,53229
3229,39.9,53230
3230,118.15,53231
3231,102.6,53232
3232,145.25,53233
3233,68.4,53234
3234,178.7,53235
3235,310.45,53236
3236,60.85,53237
3237,67.35,53238
3238,79.8,53239
3239,80.05,53240
3240,107.3,53241
3241,117.0,53242
3242,114.45,53243
3243,72.0,53244
3244,65.75,53245
3245,61.1,53246
3246,91.0,53247
3247,34.05,53248
3248,60.65,53249
3249,106.6,53250
3250,69.35,53251
3251,282.25,53252
3252,61.0,53253
3253,56.4,53254
3254,98.75,53255
3255,306.55,53256
3256,111.3,53257
3257,54.8,53258
3258,89.4,53259
3259,125.55,53260
3260,254.4,53261
3261,116.5,53262
3262,143.0,53263
3263,85.45,53264
3264,150.65,53265
3265,145.95,53266
3266,46.05,53267
3267,109.4,53268
3268,63.7,53269
3269,276.95,53270
3270,63.0,53271
3271,73.9,53272
3272,65.35,53273
3273,344.9,53274
3274,98.9,53275
3275,175.6,53276
3276,54.45,53277
3277,140.7,53278
3278,249.75,53279
3279,56.45,53280
3280,53.95,53281
3281,51.9,53282
3282,47.95,53283
3283,76.05,53284
3284,78.5,53285
3285,110.55,53286
3286,57.4,53287
3287,61.15,53288
3288,79.8,53289
3289,38.3,53290
3290,94.2,53291
3291,66.45,53292
3292,104.25,53293
3293,40.1,53294
3294,61.45,53295
3295,59.75,53296
3296,52.0,53297
3297,105.25,53298
3298,61.6,53299
3299,139.8,53300
3300,57.3,53301
3301,58.85,53302
3302,92.6,53303
3303,172.15,53304
3304,76.45,53305
3305,53.95,53306
3306,63.4,53307
3307,117.3,53308
3308,78.1,53309
3309,132.9,53310
3310,51.95,53311
3311,68.25,53312
3312,56.25,53313
3313,44.85,53314
3314,36.4,53315
3315,53.9,53316
3316,305.2,53317
3317,149.3,53318
3318,53.85,53319
3319,77.05,53320
3320,142.9,53321
3321,100.35,53322
3322,126.2,53323
3323,94.15,53324
3324,150.2,53325
3325,100.7,53326
3326,286.2,53327
3327,59.8,53328
3328,193.15,53329
3329,115.0,53330
3330,92.8,53331
3331,45.45,53332
3332,58.3,53333
3333,51.9,53334
3334,78.5,53335
3335,62.8,53336
3336,71.7,53337
3337,71.05,53338
3338,299.0,53339
3339,103.25,53340
3340,323.0,53341
3341,108.0,53342
3342,118.6,53343
3343,61.05,53344
3344,51.65,53345
3345,116.6,53346
3346,317.2,53347
3347,87.3,53348
3348,251.4,53349
3349,129.35,53350
3350,247.65,53351
3351,46.8,53352
3352,120.25,53353
3353,98.85,53354
3354,52.2,53355
3355,68.1,53356
3356,88.45,53357
3357,47.1,53358
3358,375.95,53359
3359,93.7,53360
3360,56.15,53361
3361,255.15,53362
3362,44.65,53363
3363,138.25,53364
3364,43.9,53365
3365,61.8,53366
3366,50.3,53367
3367,86.3,53368
3368,39.4,53369
3369,224.05,53370
3370,104.95,53371
3371,64.4,53372
3372,125.25,53373
3373,80.3,53374
3374,66.3,53375
3375,69.95,53376
3376,94.85,53377
3377,134.95,53378
3378,113.7,53379
3379,100.9,53380
3380,87.8,53381
3381,58.45,53382
3382,69.2,53383
3383,57.5,53384
3384,361.75,53385
3385,108.9,53386
3386,61.05,53387
3387,69.2,53388
3388,87.4,53389
3389,51.85,53390
3390,113.4,53391
3391,49.3,53392
3392,63.15,53393
3393,49.85,53394
3394,53.75,53395
3395,93.4,53396
3396,40.7,53397
3397,41.2,53398
3398,52.25,53399
3399,42.75,53400
3400,100.55,53401
3401,64.35,53402
3402,80.5,53403
3403,156.2,53404
3404,236.35,53405
3405,130.0,53406
3406,60.3,53407
3407,67.3,53408
3408,58.85,53409
3409,37.85,53410
3410,73.6,53411
3411,58.45,53412
3412,66.1,53413
3413,80.9,53414
3414,62.55,53415
3415,148.4,53416
3416,71.35,53417
3417,83.65,53418
3418,66.95,53419
3419,88.85,53420
3420,183.4,53421
3421,284.3,53422
3422,207.4,53423
3423,93.45,53424
3424,245.3,53425
3425,77.1,53426
3426,130.0,53427
3427,120.1,53428
3428,55.9,53429
3429,80.15,53430
3430,55.15,53431
3431,40.2,53432
3432,308.05,53433
3433,199.05,53434
3434,55.95,53435
3435,66.45,53436
3436,38.5,53437
3437,46.25,53438
3438,100.95,53439
3439,61.85,53440
3440,88.95,53441
3441,73.45,53442
3442,51.85,53443
3443,55.45,53444
3444,41.75,53445
3445,62.9,53446
3446,48.95,53447
3447,63.2,53448
3448,108.9,53449
3449,62.55,53450
3450,75.3,53451
3451,164.6,53452
3452,108.7,53453
3453,106.1,53454
3454,77.85,53455
3455,70.95,53456
3456,111.6,53457
3457,176.35,53458
3458,72.35,53459
3459,48.95,53460
3460,143.55,53461
3461,112.4,53462
3462,59.0,53463
3463,104.35,53464
3464,67.5,53465
3465,101.25,53466
3466,43.55,53467
3467,400.75,53468
3468,143.9,53469
3469,248.6,53470
3470,253.05,53471
3471,42.15,53472
3472,51.35,53473
3473,40.9,53474
3474,67.6,53475
3475,50.3,53476
3476,230.5,53477
3477,89.55,53478
3478,64.9,53479
3479,137.4,53480
3480,118.35,53481
3481,81.1,53482
3482,48.8,53483
3483,108.2,53484
3484,250.0,53485
3485,149.7,53486
3486,54.85,53487
3487,80.0,53488
3488,227.65,53489
3489,58.5,53490
3490,83.85,53491
3491,56.5,53492
3492,99.25,53493
3493,62.7,53494
3494,135.5,53495
3495,126.2,53496
3496,110.2,53497
3497,47.25,53498
3498,51.2,53499
3499,60.8,53500
3500,180.8,53501
3501,53.0,53502
3502,56.05,53503
3503,425.15,53504
3504,96.25,53505
3505,85.3,53506
3506,220.05,53507
3507,63.9,53508
3508,63.0,53509
3509,62.7,53510
3510,55.85,53511
3511,119.5,53512
3512,44.0,53513
3513,86.45,53514
3514,74.0,53515
3515,130.25,53516
3516,225.55,53517
3517,64.2,53518
3518,65.75,53519
3519,69.3,53520
3520,51.85,53521
3521,73.3,53522
3522,60.05,53523
3523,65.1,53524
3524,59.05,53525
3525,42.55,53526
3526,154.05,53527
3527,146.9,53528
3528,55.95,53529
3529,45.85,53530
3530,56.85,53531
3531,89.4,53532
3532,71.3,53533
3533,70.9,53534
3534,91.9,53535
3535,211.55,53536
3536,56.8,53537
3537,229.05,53538
3538,149.75,53539
3539,56.35,53540
3540,198.75,53541
3541,64.55,53542
3542,164.1,53543
3543,59.5,53544
3544,124.8,53545
3545,54.05,53546
3546,94.2,53547
3547,151.05,53548
3548,86.65,53549
3549,55.1,53550
3550,238.95,53551
3551,67.15,53552
3552,44.7,53553
3553,67.7,53554
3554,72.25,53555
3555,75.6,53556
3556,65.05,53557
3557,55.7,53558
3558,59.7,53559
3559,205.1,53560
3560,67.9,53561
3561,105.65,53562
3562,65.1,53563
3563,58.3,53564
3564,121.45,53565
3565,70.8,53566
3566,81.05,53567
3567,86.6,53568
3568,127.35,53569
3569,141.6,53570
3570,63.3,53571
3571,60.5,53572
3572,61.1,53573
3573,48.0,53574
3574,84.55,53575
3575,95.4,53576
3576,119.15,53577
3577,106.65,53578
3578,83.35,53579
3579,124.6,53580
3580,123.35,53581
3581,72.6,53582
3582,54.9,53583
3583,142.8,53584
3584,154.0,53585
3585,42.0,53586
3586,52.6,53587
3587,68.3,53588
3588,60.4,53589
3589,60.35,53590
3590,326.85,53591
3591,104.65,53592
3592,338.25,53593
3593,75.15,53594
3594,62.9,53595
3595,141.9,53596
3596,322.2,53597
3597,61.85,53598
3598,52.8,53599
3599,73.3,53600
3600,63.9,53601
3601,50.05,53602
3602,72.95,53603
3603,127.1,53604
3604,68.55,53605
3605,110.4,53606
3606,406.55,53607
3607,185.0,53608
3608,395.95,53609
3609,77.55,53610
3610,118.75,53611
3611,66.7,53612
3612,67.1,53613
3613,59.9,53614
3614,60.6,53615
3615,70.55,53616
3616,122.8,53617
3617,130.2,53618
3618,144.85,53619
3619,37.35,53620
3620,73.25,53621
3621,297.2,53622
3622,47.8,53623
3623,63.55,53624
3624,63.45,53625
3625,245.85,53626
3626,77.0,53627
3627,86.25,53628
3628,70.8,53629
3629,67.2,53630
3630,33.75,53631
3631,177.35,53632
3632,61.75,53633
3633,58.5,53634
3634,56.95,53635
3635,59.6,53636
3636,47.05,53637
3637,87.7,53638
3638,68.3,53639
3639,75.9,53640
3640,61.1,53641
3641,142.25,53642
3642,66.65,53643
3643,55.65,53644
3644,43.65,53645
3645,108.5,53646
3646,152.8,53647
3647,61.65,53648
3648,71.6,53649
3649,142.15,53650
3650,84.8,53651
3651,80.85,53652
3652,79.35,53653
3653,118.2,53654
3654,50.25,53655
3655,79.35,53656
3656,120.3,53657
3657,117.85,53658
3658,62.5,53659
3659,58.65,53660
3660,344.8,53661
3661,117.6,53662
3662,150.4,53663
3663,52.15,53664
3664,412.1,53665
3665,129.8,53666
3666,59.65,53667
3667,55.0,53668
3668,124.45,53669
3669,82.5,53670
3670,176.75,53671
3671,51.85,53672
3672,44.4,53673
3673,60.15,53674
3674,126.1,53675
3675,53.05,53676
3676,62.65,53677
3677,135.95,53678
3678,69.5,53679
3679,163.6,53680
3680,58.0,53681
3681,76.35,53682
3682,73.0,53683
3683,115.9,53684
3684,148.15,53685
3685,166.55,53686
3686,54.2,53687
3687,66.55,53688
3688,137.9,53689
3689,101.9,53690
3690,58.2,53691
3691,130.8,53692
3692,97.05,53693
3693,52.6,53694
3694,81.2,53695
3695,169.9,53696
3696,272.65,53697
3697,218.65,53698
3698,69.7,53699
3699,322.35,53700
3700,158.3,53701
3701,69.55,53702
3702,42.7,53703
3703,95.75,53704
3704,124.7,53705
3705,94.2,53706
3706,67.15,53707
3707,49.15,53708
3708,79.2,53709
3709,63.55,53710
3710,108.95,53711
3711,45.65,53712
3712,58.9,53713
3713,57.0,53714
3714,197.4,53715
3715,46.25,53716
3716,112.0,53717
3717,213.0,53718
3718,67.2,53719
3719,65.1,53720
3720,81.95,53721
3721,48.4,53722
3722,88.0,53723
3723,68.15,53724
3724,69.35,53725
3725,151.65,53726
3726,99.75,53727
3727,64.85,53728
3728,362.85,53729
3729,59.7,53730
3730,254.9,53731
3731,58.65,53732
3732,64.65,53733
3733,56.4,53734
3734,40.4,53735
3735,91.1,53736
3736,330.6,53737
3737,63.95,53738
3738,111.2,53739
3739,116.75,53740
3740,215.05,53741
3741,85.95,53742
3742,72.15,53743
3743,79.45,53744
3744,102.8,53745
3745,93.75,53746
3746,115.9,53747
3747,81.5,53748
3748,152.65,53749
3749,64.05,53750
3750,54.65,53751
3751,60.15,53752
3752,60.9,53753
3753,43.25,53754
3754,99.45,53755
3755,63.95,53756
3756,55.7,53757
3757,65.65,53758
3758,120.3,53759
3759,168.05,53760
3760,57.55,53761
3761,53.6,53762
3762,106.45,53763
3763,55.0,53764
3764,58.35,53765
3765,75.15,53766
3766,90.6,53767
3767,163.35,53768
3768,303.1,53769
3769,62.65,53770
3770,121.0,53771
3771,243.7,53772
3772,59.05,53773
3773,307.6,53774
3774,72.9,53775
3775,61.25,53776
3776,193.4,53777
3777,346.45,53778
3778,53.3,53779
3779,75.25,53780
3780,113.35,53781
3781,56.4,53782
3782,78.05,53783
3783,61.4,53784
3784,57.75,53785
3785,50.75,53786
3786,75.05,53787
3787,39.5,53788
3788,79.85,53789
3789,84.15,53790
3790,68.75,53791
3791,85.2,53792
3792,46.95,53793
3793,51.55,53794
3794,53.65,53795
3795,58.95,53796
3796,61.85,53797
3797,75.0,53798
3798,64.7,53799
3799,341.3,53800
3800,80.75,53801
3801,244.65,53802
3802,120.65,53803
3803,55.1,53804
3804,105.35,53805
3805,54.55,53806
3806,59.65,53807
3807,63.05,53808
3808,157.15,53809
3809,211.9,53810
3810,56.25,53811
3811,52.0,53812
3812,42.05,53813
3813,62.15,53814
3814,138.55,53815
3815,116.3,53816
3816,44.5,53817
3817,107.9,53818
3818,98.55,53819
3819,44.2,53820
3820,55.3,53821
3821,74.1,53822
3822,172.9,53823
3823,71.3,53824
3824,49.0,53825
3825,71.1,53826
3826,133.05,53827
3827,57.2,53828
3828,86.55,53829
3829,78.75,53830
3830,136.75,53831
3831,72.25,53832
3832,89.15,53833
3833,194.35,53834
3834,53.0,53835
3835,116.4,53836
3836,163.85,53837
3837,89.45,53838
3838,313.3,53839
3839,63.15,53840
3840,59.65,53841
3841,74.75,53842
3842,54.65,53843
3843,315.5,53844
3844,122.3,53845
3845,59.2,53846
3846,82.9,53847
3847,56.25,53848
3848,62.65,53849
3849,96.75,53850
3850,59.5,53851
3851,329.6,53852
3852,137.0,53853
3853,91.15,53854
3854,66.2,53855
3855,189.85,53856
3856,65.4,53857
3857,88.8,53858
3858,69.15,53859
3859,58.0,53860
3860,126.8,53861
3861,53.4,53862
3862,81.75,53863
3863,121.65,53864
3864,98.6,53865
3865,68.9,53866
3866,66.35,53867
3867,48.45,53868
3868,56.85,53869
3869,88.95,53870
3870,51.6,53871
3871,80.5,53872
3872,48.5,53873
3873,57.85,53874
3874,53.8,53875
3875,103.15,53876
3876,63.55,53877
3877,94.2,53878
3878,142.0,53879
3879,55.35,53880
3880,82.3,53881
3881,57.35,53882
3882,89.5,53883
3883,50.2,53884
3884,262.9,53885
3885,83.15,53886
3886,102.8,53887
3887,39.8,53888
3888,73.3,53889
3889,159.0,53890
3890,57.05,53891
3891,60.0,53892
3892,84.75,53893
3893,280.6,53894
3894,46.3,53895
3895,58.4,53896
3896,37.15,53897
3897,55.0,53898
3898,122.8,53899
3899,130.15,53900
3900,45.45,53901
3901,252.75,53902
3902,363.2,53903
3903,54.3,53904
3904,112.5,53905
3905,100.8,53906
3906,155.7,53907
3907,64.85,53908
3908,62.55,53909
3909,52.45,53910
3910,125.9,53911
3911,306.0,53912
3912,58.35,53913
3913,34.9,53914
3914,68.05,53915
3915,62.3,53916
3916,113.75,53917
3917,48.45,53918
3918,131.6,53919
3919,90.0,53920
3920,69.05,53921
3921,60.95,53922
3922,66.45,53923
3923,48.75,53924
3924,59.6,53925
3925,95.0,53926
3926,81.95,53927
3927,121.1,53928
3928,112.85,53929
3929,94.05,53930
3930,59.4,53931
3931,137.0,53932
3932,103.15,53933
3933,89.65,53934
3934,140.9,53935
3935,57.65,53936
3936,51.75,53937
3937,65.9,53938
3938,59.75,53939
3939,113.75,53940
3940,50.0,53941
3941,58.2,53942
3942,91.55,53943
3943,72.95,53944
3944,193.85,53945
